InitiativeID,Impacted BU,Wave,OverAll Impact
SO.1.1,تطوير القوات والقدرات,الحزمة الثانية,15.000%
SO.1.1,هيئة الامداد والتموين,الحزمة الثانية,38.000%
SO.1.1,قاعدة الإمداد والتموين في القطاع الغربي,الحزمة الثانية,33.000%
SO.1.1,قاعدة الإمداد والتموين بالقطاع الشرقي,الحزمة الثانية,33.000%
SO.1.1,قاعدة الامداد والتموين في الرياض,الحزمة الثانية,33.000%
SO.1.1,مكتب رئيس الجهاز العسكري,الحزمة الثانية,5.000%
SO.1.1,مكتب نائب رئيس الجهاز العسكري,الحزمة الثانية,5.000%
SO.1.10,الشؤون الهندسية والمرافق,الحزمة الثانية,18.000%
SO.1.10,وحدة تنمية الإيرادات والاستثمار,الحزمة الثانية,10.000%
SO.1.10,الإدارة المالية,الحزمة الثانية,10.000%
SO.1.10,هيئة الإمداد والتموين,الحزمة الثانية,10.000%
SO.1.11,مركز الاتصال والإعلام,الحزمة الثانية,36.000%
SO.1.11,مكتب الوزير,الحزمة الثانية,8.000%
SO.1.12,التحليل الاستراتيجي,الحزمة الثالثة,47.000%
SO.1.12,الموارد البشرية,الحزمة الثالثة,7.000%
SO.1.12,هيئة الاستخبارات,الحزمة الثالثة,8.000%
SO.1.12,التطوير والعمليات - الخدمات الرقمية والتقنية,الحزمة الثالثة,14.000%
SO.1.12,مكتب الوزير,الحزمة الثالثة,6.000%
SO.1.13,الإدارة المالية,الحزمة الثانية,40.000%
SO.1.13,الموارد البشرية,الحزمة الثانية,40.000%
SO.1.13,مكتب وكيل الوزارة,الحزمة الثانية,8.000%
SO.1.13,ادارة السياسات,الحزمة الثانية,8.000%
SO.1.15,الموارد البشرية,الحزمة الثانية,22.000%
SO.1.15,ادارة السياسات,الحزمة الثانية,8.000%
SO.1.17,الشؤون الهندسية والمرافق,الحزمة الثالثة,22.000%
SO.1.17,الموارد البشرية,الحزمة الثالثة,8.000%
SO.1.17,ادارة السياسات,الحزمة الثالثة,9.000%
SO.1.18,الشؤون الهندسية والمرافق,الحزمة الثانية,34.000%
SO.1.18,الخدمات الرقمية والتقنية,الحزمة الثانية,26.000%
SO.1.19,التطوير والعمليات - الخدمات الرقمية والتقنية,الحزمة الأولى,50.000%
SO.1.19,استراتيجية الاتصالات وتقنية المعلومات والمحفظة والأداء - الخدمات الرقمية والتقنية,الحزمة الأولى,32.000%
SO.1.19,سلاح الاشارة,الحزمة الأولى,20.000%
SO.1.19,تقنية المعلومات في القطاع الصحي,الحزمة الأولى,20.000%
SO.1.2,قيادة الافواج,الحزمة الأولى,80.000%
SO.1.2,هيئة العمليات,الحزمة الأولى,28.000%
SO.1.2,هيئة شؤون الافراد,الحزمة الأولى,28.000%
SO.1.2,هيئة التعليم والتدريب,الحزمة الأولى,28.000%
SO.1.2,الإدارة العامة لشؤون الضباط,الحزمة الأولى,28.000%
SO.1.2,مدارس الحرس الوطني العسكرية,الحزمة الأولى,28.000%
SO.1.2,مركز تدريب الحرس الوطني في الرياض,الحزمة الأولى,28.000%
SO.1.2,مركز تدريب الحرس الوطني في الشرقية,الحزمة الأولى,28.000%
SO.1.2,مركز تدريب الحرس الوطني في الاحساء,الحزمة الأولى,28.000%
SO.1.2,مركز تدريب الحرس الوطني في الغربية,الحزمة الأولى,28.000%
SO.1.2,قوات الافواج,الحزمة الأولى,80.000%
SO.1.2,قيادة التدريب والعقيدة,الحزمة الأولى,28.000%
SO.1.2,مكتب نائب رئيس الجهاز العسكري,الحزمة الأولى,22.000%
SO.1.2,مكتب رئيس الجهاز العسكري,الحزمة الأولى,36.000%
SO.1.20,الخدمات الرقمية والتقنية,الحزمة الأولى,40.000%
SO.1.20,هيئة شؤون الافراد,الحزمة الأولى,18.000%
SO.1.20,الإدارة العامة لشؤون الضباط,الحزمة الأولى,18.000%
SO.1.20,الموارد البشرية,الحزمة الأولى,18.000%
SO.1.20,سلاح الاشارة,الحزمة الأولى,40.000%
SO.1.20,تقنية المعلومات في القطاع الصحي,الحزمة الأولى,40.000%
SO.1.20,ادارة التعليم - هيئة التدريب والتعليم,الحزمة الأولى,18.000%
SO.1.20,ادارة التدريب - هيئة التدريب والتعليم,الحزمة الأولى,18.000%
SO.1.21,تخطيط الأمن السيبراني وإدارة الأداء,الحزمة الأولى,22.000%
SO.1.22,الموارد البشرية,الحزمة الأولى,22.000%
SO.1.22,ادارة الامن السيبراني,الحزمة الأولى,44.000%
SO.1.22,الامن السيبراني - سلاح الاشارة,الحزمة الأولى,44.000%
SO.1.22,الامن السيبراني - القطاع الصحي,الحزمة الأولى,44.000%
SO.1.22,الامن السيبراني - الخدمات الرقمية والتقنية,الحزمة الأولى,44.000%
SO.1.22,الإدارة العامة لشؤون الضباط,الحزمة الأولى,8.000%
SO.1.22,هيئة شؤون الافراد,الحزمة الأولى,8.000%
SO.1.22,هيئة التعليم والتدريب,الحزمة الأولى,22.000%
SO.1.23,تخطيط الأمن السيبراني وإدارة الأداء,الحزمة الأولى,19.000%
SO.1.23,الامن السيبراني - سلاح الاشارة,الحزمة الأولى,19.000%
SO.1.23,الامن السيبراني - القطاع الصحي,الحزمة الأولى,19.000%
SO.1.23,الامن السيبراني - الخدمات الرقمية والتقنية,الحزمة الأولى,19.000%
SO.1.25,ادارة مواهب الموارد البشرية في القطاع الصحي,الحزمة الثانية,23.000%
SO.1.25,ادارة تخطيط الموارد البشرية في القطاع الصحي,الحزمة الثانية,23.000%
SO.1.25,مكتب المدير التنفيذي للموارد البشرية,الحزمة الثانية,11.000%
SO.1.27,ادارة مواهب الموارد البشرية في القطاع الصحي,الحزمة الثانية,16.000%
SO.1.27,ادارة تخطيط الموارد البشرية في القطاع الصحي,الحزمة الثانية,24.000%
SO.1.28,الموارد البشرية في القطاع الصحي,الحزمة الأولى,15.000%
SO.1.28,ادارة التواصل المؤسسي - القطاع الصحي,الحزمة الأولى,18.000%
SO.1.28,ادارة العلاقات العامة والاعلام - القطاع الصحي,الحزمة الأولى,20.000%
SO.1.28,مكتب CEO,الحزمة الأولى,9.000%
SO.1.30,ادارة تخطيط الموارد البشرية في القطاع الصحي,الحزمة الثانية,16.000%
SO.1.30,ادارة عمليات الموارد البشرية,الحزمة الثانية,16.000%
SO.1.31,الموارد البشرية في القطاع الصحي,الحزمة الأولى,47.000%
SO.1.31,ادارة التواصل المؤسسي - القطاع الصحي,الحزمة الأولى,47.000%
SO.1.31,ادارة خدمات القوى البشرية - القطاع الصحي,الحزمة الأولى,47.000%
SO.1.31,تقنية المعلومات في القطاع الصحي,الحزمة الأولى,27.000%
SO.1.32,الادارة المالية في القطاع الصحي,الحزمة الأولى,19.000%
SO.1.32,الموارد البشرية في القطاع الصحي,الحزمة الأولى,24.000%
SO.1.32,ادارة خدمات القوى البشرية - القطاع الصحي,الحزمة الأولى,9.000%
SO.1.32,مكتب CEO,الحزمة الأولى,9.000%
SO.1.32,مكتب COO,الحزمة الأولى,9.000%
SO.1.4,مكتب وكيل الوزارة,الحزمة الصفرية,21.000%
SO.1.4,الموارد البشرية,الحزمة الصفرية,31.000%
SO.1.4,مكتب الوزير,الحزمة الصفرية,21.000%
SO.1.44,تطوير القوات والقدرات,الحزمة الثانية,19.000%
SO.1.44,هيئة الاتصالات,الحزمة الثانية,7.000%
SO.1.44,هيئة التعليم والتدريب,الحزمة الثانية,7.000%
SO.1.45,ادارة التدريب - هيئة التدريب والتعليم,الحزمة الأولى,36.000%
SO.1.45,قيادة التدريب والعقيدة,الحزمة الأولى,60.000%
SO.1.45,قاعدة إسناد التدريب والعقيدة العسكرية ,الحزمة الأولى,26.000%
SO.1.45,مكتب رئيس الجهاز العسكري,الحزمة الأولى,22.000%
SO.1.45,مدارس الحرس الوطني العسكرية,الحزمة الأولى,62.000%
SO.1.45,مركز تدريب الحرس الوطني في الرياض,الحزمة الأولى,62.000%
SO.1.45,مركز تدريب الحرس الوطني في الشرقية,الحزمة الأولى,62.000%
SO.1.45,مركز تدريب الحرس الوطني في الاحساء,الحزمة الأولى,62.000%
SO.1.45,مركز تدريب الحرس الوطني في الغربية,الحزمة الأولى,62.000%
SO.1.45,كلية الملك خالد العسكرية,الحزمة الأولى,26.000%
SO.1.46,هيئة التعليم والتدريب,الحزمة الثالثة,41.000%
SO.1.46,كلية الملك خالد العسكرية,الحزمة الثالثة,10.000%
SO.1.46,كلية الملك عبدالله للقيادة والاركان,الحزمة الثالثة,10.000%
SO.1.46,قيادة التدريب والعقيدة,الحزمة الثالثة,15.000%
SO.1.47,هيئة الامداد والتموين,الحزمة الثانية,27.000%
SO.1.47,هيئة التعليم والتدريب,الحزمة الثانية,20.000%
SO.1.47,هيئة القوة البشرية,الحزمة الثانية,8.000%
SO.1.48,قيادة الشرطة العسكرية,الحزمة الثانية,20.000%
so.1.5,الموارد البشرية,الحزمة الصفرية,40.000%
so.1.5,مكتب وكيل الوزارة,الحزمة الصفرية,20.000%
SO.1.50,كتيبة هندسة القتال الأولى,الحزمة الثانية,53.000%
SO.1.50,هيئة التعليم والتدريب,الحزمة الثانية,9.000%
SO.1.50,قيادة المناورة,الحزمة الثانية,6.000%
SO.1.51,هيئة الخطط,الحزمة الثالثة,42.000%
SO.1.51,هيئة التعليم والتدريب,الحزمة الثالثة,10.000%
SO.1.51,مكتب رئيس الجهاز العسكري,الحزمة الثالثة,8.000%
SO.1.52,إدارة الأمن والسلامة,الحزمة الثانية,20.000%
SO.1.53,هيئة الاتصالات,الحزمة الثالثة,23.000%
SO.1.53,هيئة التعليم والتدريب,الحزمة الثالثة,7.000%
SO.1.55,هيئة التعليم والتدريب,الحزمة الثالثة,15.000%
SO.1.56,الاستخبارات العملياتية,الحزمة الثالثة,33.000%
SO.1.56,اسناد القتل,الحزمة الثالثة,8.000%
SO.1.56,هيئة التعليم والتدريب,الحزمة الثالثة,6.000%
SO.1.56,هيئة الاستخبارات,الحزمة الثالثة,6.000%
SO.1.57,الموارد البشرية,الحزمة الأولى,46.000%
SO.1.57,هيئة التعليم والتدريب,الحزمة الأولى,46.000%
SO.1.57,الإدارة العامة لشؤون الضباط,الحزمة الأولى,46.000%
SO.1.57,هيئة شؤون الافراد,الحزمة الأولى,46.000%
SO.1.57,خدمات الدعم المؤسسي,الحزمة الأولى,14.000%
SO.1.58,الموارد البشرية,الحزمة الثانية,12.000%
SO.1.58,شؤون المتقاعدين,الحزمة الثانية,10.000%
SO.1.59,ادارة المشاريع - وكالة الشؤون الفنية,الحزمة الأولى,36.000%
SO.1.59,الإدارة العامة للدراسات والتصاميم - الشؤون الفنية,الحزمة الأولى,36.000%
SO.1.59,هيئة التعليم والتدريب,الحزمة الأولى,22.000%
SO.1.62,تطوير القوات والقدرات,الحزمة الثانية,82.000%
SO.1.62,هيئة العمليات,الحزمة الثانية,10.000%
SO.1.62,هيئة الخطط,الحزمة الثانية,10.000%
SO.1.62,هيئة الامداد والتموين,الحزمة الثانية,10.000%
SO.1.62,هيئة القوة البشرية,الحزمة الثانية,10.000%
SO.1.62,هيئة التعليم والتدريب,الحزمة الثانية,10.000%
SO.1.62,مكتب نائب رئيس الجهاز العسكري,الحزمة الثانية,26.000%
SO.1.8,الشؤون القانونية,الحزمة الثانية,44.000%
SO.1.8,الموارد البشرية,الحزمة الثانية,4.000%
SO.1.8,مكتب الوزير,الحزمة الثانية,16.000%
SO.1.9,الموارد البشرية,الحزمة الثانية,32.000%
SO.1.9,مكتب وكيل الوزارة,الحزمة الثانية,4.000%
SO.2.1,تطوير القوات والقدرات,الحزمة الثانية,24.000%
SO.2.1,هيئة العمليات,الحزمة الثانية,9.000%
SO.2.1,مكتب رئيس الجهاز العسكري,الحزمة الثانية,10.000%
SO.2.1,هيئة الاستخبارات,الحزمة الثانية,9.000%
SO.2.1,هيئة الامداد والتموين,الحزمة الثانية,9.000%
SO.2.12,هيئة الاستخبارات,الحزمة الثانية,42.000%
SO.2.12,هيئة الخطط,الحزمة الثانية,16.000%
SO.2.12,هيئة الاتصالات,الحزمة الثانية,16.000%
SO.2.12,هيئة العمليات,الحزمة الثانية,16.000%
SO.2.12,مكتب رئيس الجهاز العسكري,الحزمة الثانية,14.000%
SO.2.13,هيئة الاستخبارات,الحزمة الثالثة,42.000%
SO.2.13,هيئة التعليم والتدريب,الحزمة الثالثة,9.000%
SO.2.13,هيئة الاتصالات,الحزمة الثالثة,9.000%
SO.2.13,التحليل الاستراتيجي,الحزمة الثالثة,32.000%
SO.2.13,الاستخبارات العملياتية,الحزمة الثالثة,32.000%
SO.2.15,هيئة العمليات,الحزمة الأولى,50.000%
SO.2.15,هيئة الاستخبارات,الحزمة الأولى,50.000%
SO.2.15,هيئة الامداد والتموين,الحزمة الأولى,50.000%
SO.2.15,هيئة التعليم والتدريب,الحزمة الأولى,50.000%
SO.2.15,القيادة الوسطى,الحزمة الأولى,50.000%
SO.2.15,القيادة الشرقية,الحزمة الأولى,50.000%
SO.2.15,القيادة الغربية,الحزمة الأولى,50.000%
SO.2.15,مكتب رئيس الجهاز العسكري,الحزمة الأولى,36.000%
SO.2.15,مكتب نائب رئيس الجهاز العسكري,الحزمة الأولى,36.000%
SO.2.2,هيئة العمليات,الحزمة الثانية,20.000%
SO.2.2,هيئة التعليم والتدريب,الحزمة الثانية,20.000%
SO.2.2,مكتب نائب رئيس الجهاز العسكري,الحزمة الثانية,16.000%
SO.2.2,هيئة الخطط,الحزمة الثانية,26.000%
SO.2.2,مدارس الحرس الوطني العسكرية,الحزمة الثانية,12.000%
SO.2.4,ادارة الاستراتيجية والعقيدة - الطب العسكري الميداني,الحزمة الأولى,60.000%
SO.2.4,قيادة الطب العسكري الميداني,الحزمة الأولى,60.000%
SO.2.4,مكتب COO,الحزمة الأولى,28.000%
SO.2.4,مكتب مساعد خدمات اسناد القتال,الحزمة الأولى,28.000%
SO.2.4,القيادة الوسطى,الحزمة الأولى,28.000%
SO.2.4,القيادة الشرقية,الحزمة الأولى,28.000%
SO.2.4,القيادة الغربية,الحزمة الأولى,28.000%
SO.2.4,قيادة الطب العسكري الميداني,الحزمة الأولى,50.000%
SO.2.6,ادارة الاستراتيجية والعقيدة - الطب العسكري الميداني,الحزمة الأولى,39.000%
SO.2.6,ادارة التدريب - الطب العسكري الميداني,الحزمة الأولى,39.000%
SO.2.6,ادارة العمليات - الطب العسكري الميداني,الحزمة الأولى,39.000%
SO.2.6,الموارد البشرية في القطاع الصحي,الحزمة الأولى,43.000%
SO.2.6,ادارة الموارد البشرية - الطب العسكري الميداني,الحزمة الأولى,39.000%
SO.2.6,ادارة شؤون العسكريين - القطاع الصحي,الحزمة الأولى,43.000%
SO.2.6,قيادة الطب العسكري الميداني,الحزمة الأولى,35.000%
SO.2.6,مكتب رئيس الجهاز العسكري,الحزمة الأولى,9.000%
SO.2.6,مكتب CEO,الحزمة الأولى,9.000%
SO.2.7,التحليل الاستراتيجي,الحزمة الثانية,38.000%
SO.2.7,مكتب الوزير,الحزمة الثانية,24.000%
SO.2.7,هيئة الاستخبارات,الحزمة الثانية,26.000%
SO.2.8,ادارة التنظيم والتسليح - هيئة العمليات,الحزمة الأولى,32.000%
SO.2.8,إدارة الخطط والعمليات - هيئة العمليات,الحزمة الأولى,32.000%
SO.2.8,هيئة التعليم والتدريب,الحزمة الأولى,32.000%
SO.2.8,هيئة الامداد والتموين,الحزمة الأولى,22.000%
SO.2.8,الإدارة العامة لشؤون الضباط,الحزمة الأولى,14.000%
SO.2.8,هيئة شؤون الافراد,الحزمة الأولى,14.000%
SO.2.9,قيادة المدفعية والدفاع الجوي,الحزمة الثانية,40.000%
SO.2.9,هيئة العمليات,الحزمة الثانية,13.000%
SO.2.9,هيئة التعليم والتدريب,الحزمة الثانية,13.000%
SO.2.9,هيئة الاتصالات,الحزمة الثانية,6.000%
SO.2.9,هيئة الامداد والتموين,الحزمة الثانية,13.000%
SO.2.9,مكتب رئيس الجهاز العسكري,الحزمة الثانية,5.000%
SO.3.10,التخطيط الاستراتيجي,الحزمة الأولى,15.000%
SO.3.10,ادارة السياسات,الحزمة الأولى,15.000%
SO.3.10,"الادارات المالية في المناطق - الوسطى , الشرقية , الغربية",الحزمة الأولى,56.000%
SO.3.10,مكتب ادارة المشاريع المؤسسي,الحزمة الأولى,15.000%
SO.3.10,الإدارة المالية,الحزمة الأولى,56.000%
SO.3.100,رئاسة هيئة العمليات,الحزمة الصفرية,39.000%
SO.3.100,الإدارة العامة لشؤون الضباط,الحزمة الصفرية,39.000%
SO.3.100,الموارد البشرية,الحزمة الصفرية,39.000%
SO.3.100,رئاسة هيئة شؤون الافراد,الحزمة الصفرية,39.000%
SO.3.100,رئاسة هيئة التعليم والتدريب,الحزمة الصفرية,34.000%
SO.3.101,إدارة الأمن والسلامة,الحزمة الثانية,70.000%
SO.3.101,هيئة العمليات,الحزمة الثانية,15.000%
SO.3.101,الشؤون الهندسية والمرافق,الحزمة الثانية,38.000%
SO.3.102,مكتب نائب رئيس الجهاز العسكري,الحزمة الثانية,42.000%
SO.3.102,الشؤون القانونية,الحزمة الثانية,8.000%
SO.3.102,مركز الاتصال والإعلام,الحزمة الثانية,8.000%
SO.3.102,الادارة العامة للحوكمة والمخاطر والإلتزام,الحزمة الثانية,8.000%
SO.3.102,الموارد البشرية,الحزمة الثانية,5.000%
SO.3.102,هيئة القوة البشرية,الحزمة الثانية,5.000%
SO.3.102,مدارس الحرس الوطني العسكرية,الحزمة الثانية,5.000%
SO.3.102,مكتب رئيس الجهاز العسكري,الحزمة الثانية,4.000%
so.3.104,مكتب رئيس الجهاز العسكري,الحزمة الصفرية,76.000%
so.3.104,الإدارة العامة لشؤون الضباط,الحزمة الصفرية,37.600%
so.3.104,هيئة شؤون الافراد,الحزمة الصفرية,37.600%
so.3.104,هيئة الطيران,الحزمة الصفرية,37.600%
so.3.104,هيئة الامداد والتموين,الحزمة الصفرية,37.600%
so.3.104,هيئة العمليات,الحزمة الصفرية,37.600%
so.3.104,هيئة التعليم والتدريب,الحزمة الصفرية,37.600%
SO.3.105,هيئة الخطط,الحزمة الثانية,77.000%
SO.3.105,هيئة العمليات,الحزمة الثانية,34.000%
SO.3.105,هيئة القوة البشرية,الحزمة الثانية,8.000%
SO.3.105,هيئة الاتصالات,الحزمة الثانية,10.000%
SO.3.105,مكتب رئيس الجهاز العسكري,الحزمة الثانية,11.000%
SO.3.106,هيئة الاتصالات,الحزمة الثانية,90.000%
SO.3.106,هيئة العمليات,الحزمة الثانية,8.000%
SO.3.106,هيئة الاستخبارات,الحزمة الثانية,34.000%
SO.3.106,هيئة الخطط,الحزمة الثانية,8.000%
SO.3.106,هيئة القوة البشرية,الحزمة الثانية,6.000%
SO.3.106,سلاح الاشارة,الحزمة الثانية,40.000%
SO.3.106,مكتب رئيس الجهاز العسكري,الحزمة الثانية,14.000%
SO.3.106,الخدمات الرقمية والتقنية,الحزمة الثانية,3.000%
SO.3.107,الاستخبارات العملياتية,الحزمة الثانية,86.000%
SO.3.107,اسناد القتل,الحزمة الثانية,44.000%
SO.3.107,هيئة العمليات,الحزمة الثانية,11.000%
SO.3.107,هيئة الاتصالات,الحزمة الثانية,8.000%
SO.3.107,هيئة القوة البشرية,الحزمة الثانية,5.000%
SO.3.108,رئاسة هيئة التعليم والتدريب,الحزمة الصفرية,76.000%
SO.3.108,قاعدة اسناد التدريب والعقيدة العسكرية,الحزمة الصفرية,85.000%
SO.3.108,سلاح الاشارة,الحزمة الصفرية,15.000%
SO.3.108,هيئة العمليات,الحزمة الصفرية,15.000%
SO.3.108,الإدارة العامة لشؤون الضباط,الحزمة الصفرية,15.000%
SO.3.108,رئاسة هيئة شؤون الافراد,الحزمة الصفرية,15.000%
SO.3.108,الإدارة العامة للدراسات والتصاميم - الشؤون الفنية,الحزمة الصفرية,15.000%
SO.3.108,مكتب رئيس الجهاز العسكري,الحزمة الصفرية,25.000%
SO.3.109,مكتب نائب رئيس الجهاز العسكري,الحزمة الأولى,54.000%
SO.3.109,هيئة العمليات,الحزمة الأولى,44.000%
SO.3.109,هيئة الاستخبارات,الحزمة الأولى,44.000%
SO.3.109,هيئة الامداد والتموين,الحزمة الأولى,44.000%
SO.3.109,هيئة شؤون الافراد,الحزمة الأولى,44.000%
SO.3.109,هيئة التعليم والتدريب,الحزمة الأولى,44.000%
SO.3.109,الإدارة العامة لشؤون الضباط,الحزمة الأولى,44.000%
SO.3.109,مكتب رئيس الجهاز العسكري,الحزمة الأولى,36.000%
SO.3.112,هيئة العمليات,الحزمة الأولى,96.000%
SO.3.112,سلاح الاشارة,الحزمة الأولى,18.000%
SO.3.112,مكتب نائب رئيس الجهاز العسكري,الحزمة الأولى,66.000%
SO.3.112,الإدارة العامة لشؤون الضباط,الحزمة الأولى,8.000%
SO.3.112,هيئة شؤون الافراد,الحزمة الأولى,8.000%
so.3.115, الإدارة العامة للميزانية,الحزمة الصفرية,14.000%
so.3.115,الإدارة العامة للدراسات والتصاميم - الشؤون الفنية,الحزمة الصفرية,24.000%
so.3.115,إدارة الإنشاءات العسكرية وخدمات الميدان,الحزمة الصفرية,19.000%
so.3.115,الإدارة العامة للأراضي والممتلكات,الحزمة الصفرية,19.000%
SO.3.116,هيئة الامداد والتموين,الحزمة الثالثة,59.000%
SO.3.116,قاعدة الامداد والتموين في الرياض,الحزمة الثالثة,55.000%
SO.3.116,قاعدة الإمداد والتموين في القطاع الغربي,الحزمة الثالثة,55.000%
SO.3.116,قاعدة الإمداد والتموين بالقطاع الشرقي,الحزمة الثالثة,55.000%
SO.3.116,هيئة الاتصالات,الحزمة الثالثة,14.000%
SO.3.116,سلاح الاشارة,الحزمة الثالثة,14.000%
SO.3.116,جميع الوحدات العسكرية المستفيدة من خدمات التموين والامداد,الحزمة الثالثة,48.000%
SO.3.117,هيئة التعليم والتدريب,الحزمة الثالثة,36.000%
SO.3.117,كلية الملك خالد العسكرية,الحزمة الثالثة,24.000%
SO.3.117,كلية الملك عبدالله للقيادة والاركان,الحزمة الثالثة,24.000%
SO.3.117,قيادة التدريب والعقيدة,الحزمة الثالثة,24.000%
SO.3.117,وكالة شؤون المشاريع,الحزمة الثالثة,8.000%
SO.3.118,قيادة التدريب والعقيدة,الحزمة الأولى,50.000%
SO.3.118,مدارس الحرس الوطني العسكرية,الحزمة الأولى,22.000%
SO.3.118,هيئة التعليم والتدريب,الحزمة الأولى,22.000%
SO.3.118,كلية الملك عبدالله للقيادة والاركان,الحزمة الأولى,22.000%
SO.3.118,كلية الملك خالد العسكرية,الحزمة الأولى,22.000%
SO.3.118,ادارة العقيدة - قاعدة اسناد التدريب والعقيدة,الحزمة الأولى,36.000%
SO.3.121,مكتب نائب رئيس الجهاز العسكري,الحزمة الثالثة,26.000%
SO.3.121,الادارة العامة للحوكمة والمخاطر والإلتزام,الحزمة الثالثة,10.000%
SO.3.121,ادارة السياسات,الحزمة الثالثة,10.000%
SO.3.122,مكتب الوزير,الحزمة الصفرية,24.000%
SO.3.122,ادارة المشاريع - وكالة الشؤون الفنية,الحزمة الصفرية,70.000%
SO.3.122,ادارة المشاريع - القطاع الصحي,الحزمة الصفرية,70.000%
SO.3.122,تقنية المعلومات في القطاع الصحي,الحزمة الصفرية,12.000%
SO.3.122,الموارد البشرية في القطاع الصحي,الحزمة الصفرية,16.000%
SO.3.122,الموارد البشرية,الحزمة الصفرية,16.000%
SO.3.122,الموارد البشرية,الحزمة الصفرية,16.000%
SO.3.122,الإدارة العامة لتقنية وأمن المعلومات,الحزمة الصفرية,12.000%
SO.3.123,مكتب ادارة المشاريع المؤسسي,الحزمة الأولى,67.000%
SO.3.123,ادارة المشاريع - وكالة الشؤون الفنية,الحزمة الأولى,72.000%
SO.3.123,ادارة المشاريع - القطاع الصحي,الحزمة الأولى,72.000%
SO.3.123,وكالة الشؤون الفنية,الحزمة الأولى,15.000%
SO.3.123,مكتب COO,الحزمة الأولى,15.000%
SO.3.124,ادارة الامن السيبراني,الحزمة الأولى,52.000%
SO.3.124,الامن السيبراني - سلاح الاشارة,الحزمة الأولى,34.000%
SO.3.124,الامن السيبراني - القطاع الصحي,الحزمة الأولى,34.000%
SO.3.124,الامن السيبراني - الخدمات الرقمية والتقنية,الحزمة الأولى,34.000%
SO.3.125,ديوان المحاكمات العسكرية,الحزمة الأولى,80.000%
SO.3.125,الاستئناف العسكري,الحزمة الأولى,80.000%
SO.3.125,قيادة الافواج,الحزمة الأولى,16.000%
SO.3.125,قيادة الشرطة العسكرية,الحزمة الأولى,16.000%
SO.3.125,الإدارة العامة لشؤون الضباط,الحزمة الأولى,16.000%
SO.3.125,هيئة شؤون الافراد,الحزمة الأولى,16.000%
SO.3.125,الامن الوقائي,الحزمة الأولى,16.000%
SO.3.125,الادارة العامة للمتابعة والتفتيش,الحزمة الأولى,16.000%
SO.3.125,ادارة السياسات,الحزمة الأولى,14.000%
SO.3.125,الشؤون القانونية,الحزمة الأولى,14.000%
SO.3.125,مكتب الوزير,الحزمة الأولى,16.000%
SO.3.125,وكالة الشؤون الفنية,الحزمة الأولى,14.000%
SO.3.132,الشؤون الهندسية والمرافق,الحزمة الثانية,17.000%
SO.3.132,مكتب ادارة المشاريع المؤسسي,الحزمة الثانية,5.000%
SO.3.132,تطوير القوات والقدرات,الحزمة الثانية,12.000%
SO.3.132,مكتب وكيل الوزارة,الحزمة الثانية,3.000%
SO.3.133,ادارة المشاريع - وكالة الشؤون الفنية,الحزمة الأولى,29.000%
SO.3.133,الإدارة العامة للدراسات والتصاميم - الشؤون الفنية,الحزمة الأولى,29.000%
SO.3.133,مكتب وكيل الشؤون الفنية,الحزمة الأولى,14.000%
SO.3.133,الاصول والممتلكات - الشؤون الهندسية والمرافق,الحزمة الأولى,14.000%
SO.3.133,شؤون المشاريع للبنى التحتية - الشؤون الهندسية والمرافق,الحزمة الأولى,14.000%
SO.3.133,الخدمات الرقمية والتقنية,الحزمة الأولى,9.000%
SO.3.133.1, الإدارة العامة للميزانية,الحزمة الصفرية,14.000%
SO.3.133.1,الإدارة العامة للدراسات والتصاميم - الشؤون الفنية,الحزمة الصفرية,34.000%
SO.3.133.1,ادارة المشاريع - وكالة الشؤون الفنية,الحزمة الصفرية,34.000%
SO.3.133.1,مكتب وكيل الوزارة,الحزمة الصفرية,14.000%
SO.3.133.1,الإدارة العامة للمناقصات والعقود,الحزمة الصفرية,14.000%
SO.3.133.1,مكتب رئيس الجهاز العسكري,الحزمة الصفرية,14.000%
SO.3.134,كلية الملك خالد العسكرية,الحزمة الثانية,15.000%
SO.3.135,كلية الملك عبدالله للقيادة والاركان,الحزمة الثانية,15.000%
SO.3.136,مدارس الحرس الوطني العسكرية,الحزمة الأولى,74.000%
SO.3.136,قيادة التدريب والعقيدة,الحزمة الأولى,56.000%
SO.3.136,هيئة التعليم والتدريب,الحزمة الأولى,28.000%
SO.3.136,هيئة العمليات,الحزمة الأولى,18.000%
SO.3.136,مكتب رئيس الجهاز العسكري,الحزمة الأولى,8.000%
SO.3.137,ادارة التنظيم والتسليح - هيئة العمليات,الحزمة الأولى,44.000%
SO.3.137,رئاسة هيئة العمليات,الحزمة الأولى,34.000%
SO.3.138,الإدارة العامة لشؤون الضباط,الحزمة الثانية,54.000%
SO.3.138,هيئة شؤون الافراد,الحزمة الثانية,54.000%
SO.3.138,مكتب رئيس الجهاز العسكري,الحزمة الثانية,10.000%
SO.3.140,الحوكمة والمخاطر والامتثال - الامن السيبراني ,الحزمة الأولى,34.000%
SO.3.140,الامن السيبراني - سلاح الاشارة,الحزمة الأولى,38.000%
SO.3.140,الامن السيبراني - القطاع الصحي,الحزمة الأولى,38.000%
SO.3.140,الامن السيبراني - الخدمات الرقمية والتقنية,الحزمة الأولى,38.000%
SO.3.140,استراتيجية الاتصالات وتقنية المعلومات والمحفظة والأداء - الخدمات الرقمية والتقنية,الحزمة الأولى,28.000%
SO.3.140,تخطيط الأمن السيبراني وإدارة الأداء,الحزمة الأولى,38.000%
SO.3.143,تقنية المعلومات في القطاع الصحي,الحزمة الثانية,29.000%
SO.3.143,جميع المستشفيات,الحزمة الثانية,40.000%
SO.3.143,الادارة المسؤولة عن ادارة ومراقبة المخزون - القطاع الصحي,الحزمة الثانية,46.000%
SO.3.144,المشتريات والتسليح,الحزمة الأولى,90.000%
SO.3.144,مكتب وكيل الوزارة,الحزمة الأولى,59.000%
SO.3.144,ادارة السياسات,الحزمة الأولى,14.000%
SO.3.144,خدمات الدعم المؤسسي,الحزمة الأولى,14.000%
SO.3.144,هيئة العمليات,الحزمة الأولى,39.000%
SO.3.144,الخدمات الرقمية والتقنية,الحزمة الأولى,24.000%
SO.3.144,مكتب نائب رئيس الجهاز العسكري,الحزمة الأولى,10.000%
SO.3.144,وكالة شؤون المشاريع,الحزمة الأولى,14.000%
so.3.153,ادارة التطبيقات,الحزمة الصفرية,54.000%
so.3.153,مركز الاتصال والإعلام,الحزمة الصفرية,58.000%
so.3.153,ادارة التواصل المؤسسي - القطاع الصحي,الحزمة الصفرية,58.000%
so.3.153,كلية الشؤون الصحية في جامعة الملك سعود,الحزمة الصفرية,13.000%
so.3.153,مركز ابحاث KAIMRC,الحزمة الصفرية,13.000%
so.3.153,موسوعة الملك عبدالله العربية للمحتوى الصحي,الحزمة الصفرية,13.000%
so.3.153,مركز الملك عبدالعزيز لامراض وجراحة القلب,الحزمة الصفرية,13.000%
so.3.153,مساعد قائد الكلية للشؤون الإدارية,الحزمة الصفرية,13.000%
SO.3.154,بحاجة لفهم اكثر للمحفظة يجب مراجعة خطة الانتقال للمحفظة والعودة لتحليل المبادرات التابعة لها,الحزمة الثانية,0.000%
SO.3.155,الموارد البشرية,الحزمة الثانية,13.000%
SO.3.155,الإدارة العامة للمراجعة الداخلية,الحزمة الثانية,43.000%
SO.3.155,ادارة السياسات,الحزمة الثانية,12.000%
SO.3.155,الإدارة المالية,الحزمة الثانية,8.000%
SO.3.155,إدارة البلاغات,الحزمة الثانية,87.000%
SO.3.155,التطوير والعمليات - الخدمات الرقمية والتقنية,الحزمة الثانية,45.000%
SO.3.155,مكتب الوزير,الحزمة الثانية,12.000%
so.3.157,مركز الاتصال والإعلام,الحزمة الصفرية,34.000%
SO.3.16,الشؤون القانونية,الحزمة الثانية,20.000%
SO.3.16,مكتب رئيس الجهاز العسكري,الحزمة الثانية,2.000%
SO.3.16,مكتب نائب رئيس الجهاز العسكري,الحزمة الثانية,2.000%
SO.3.16,هيئة العمليات,الحزمة الثانية,8.000%
SO.3.16,ادارة السياسات,الحزمة الثانية,2.000%
SO.3.160,مكتب رئيس الجهاز العسكري,الحزمة الثانية,8.000%
SO.3.160,الشؤون الهندسية والمرافق,الحزمة الثانية,10.000%
SO.3.160,قيادة الافواج,الحزمة الثانية,3.000%
SO.3.160,تطوير القوات والقدرات,الحزمة الثانية,4.000%
SO.3.17,الشؤون القانونية,الحزمة الثانية,30.000%
SO.3.17,وكالة شؤون المشاريع,الحزمة الثانية,8.000%
so.3.18,إدارة مراقبة المخزون,الحزمة الصفرية,65.000%
so.3.18,الدعم التقني,الحزمة الصفرية,75.000%
so.3.18,إدارة الخطط والعمليات,الحزمة الصفرية,75.000%
so.3.18,الإدارة العامة للأسلحة والذخيرة,الحزمة الصفرية,75.000%
so.3.18,قاعدة الإمداد والتموين في القطاع الغربي,الحزمة الصفرية,55.000%
so.3.18,قاعدة الإمداد والتموين بالقطاع الشرقي,الحزمة الصفرية,55.000%
so.3.18,قاعدة الامداد والتموين في الرياض,الحزمة الصفرية,55.000%
so.3.18,إدارة التموين والنقل,الحزمة الصفرية,65.000%
so.3.18,ادارة التنظيم والتسليح - هيئة العمليات,الحزمة الصفرية,38.000%
so.3.18,سلاح الاشارة,الحزمة الصفرية,38.000%
SO.3.19,التخطيط الاستراتيجي,الحزمة الأولى,55.000%
SO.3.19,الموارد البشرية,الحزمة الأولى,55.000%
SO.3.19,الإدارة المالية,الحزمة الأولى,55.000%
SO.3.19,الشؤون الهندسية والمرافق,الحزمة الأولى,55.000%
SO.3.19,خدمات الدعم المؤسسي,الحزمة الأولى,30.000%
SO.3.2,ادارة التدريب - الطب العسكري الميداني,الحزمة الأولى,42.000%
SO.3.2,مدرسة العلوم الصحية العسكرية,الحزمة الأولى,52.000%
SO.3.2,هيئة التعليم والتدريب,الحزمة الأولى,19.000%
SO.3.2,قيادة الطب العسكري الميداني,الحزمة الأولى,32.000%
so.3.20,الموارد البشرية,الحزمة الصفرية,45.000%
so.3.20,الشؤون القانونية,الحزمة الصفرية,25.000%
so.3.20,الإدارة المالية,الحزمة الصفرية,35.000%
so.3.20,مكتب وكيل الوزارة,الحزمة الصفرية,20.000%
SO.3.21,الإدارة العامة للأداء,الحزمة الثانية,44.000%
SO.3.21,الموارد البشرية,الحزمة الثانية,38.000%
SO.3.21,مكتب وكيل الوزارة,الحزمة الثانية,14.000%
SO.3.21,الخدمات الرقمية والتقنية,الحزمة الثانية,26.000%
SO.3.22,الإدارة المالية,الحزمة الثانية,18.000%
SO.3.22,مكتب وكيل الوزارة,الحزمة الثانية,2.000%
SO.3.24,الإدارة العامة للخدمات المشتركة,الحزمة الثانية,40.000%
SO.3.24,ادارة السياسات,الحزمة الثانية,2.000%
SO.3.24,الموارد البشرية,الحزمة الثانية,22.000%
SO.3.24,الإدارة المالية,الحزمة الثانية,22.000%
SO.3.25,الشؤون الهندسية والمرافق,الحزمة الأولى,56.000%
SO.3.25,الموارد البشرية,الحزمة الأولى,19.000%
SO.3.25,مكتب وكيل الوزارة,الحزمة الأولى,9.000%
SO.3.25,مكتب ادارة المشاريع المؤسسي,الحزمة الأولى,9.000%
SO.3.3,قيادة الطب العسكري الميداني,الحزمة الثانية,26.000%
SO.3.3,تقنية المعلومات في القطاع الصحي,الحزمة الثانية,30.000%
SO.3.3,ادارة التدريب - الطب العسكري الميداني,الحزمة الثانية,34.000%
SO.3.3,ادارة شؤون العسكريين - القطاع الصحي,الحزمة الثانية,30.000%
SO.3.3,هيئة الاتصالات,الحزمة الثانية,30.000%
SO.3.30,ادارة البيانات,الحزمة الثالثة,20.000%
SO.3.30,ادارة الامن السيبراني,الحزمة الثالثة,6.000%
SO.3.30,الموارد البشرية,الحزمة الثالثة,8.000%
SO.3.31,ادارة البيانات,الحزمة الثانية,26.000%
SO.3.31,الخدمات الرقمية والتقنية,الحزمة الثانية,18.000%
SO.3.32,ادارة السياسات,الحزمة الثالثة,4.000%
SO.3.32,مكتب الوزير,الحزمة الثالثة,6.000%
SO.3.32,هيئة الاستخبارات ,الحزمة الثالثة,15.000%
SO.3.32,التحليل الاستراتيجي,الحزمة الثالثة,24.000%
SO.3.32,مكتب رئيس الجهاز العسكري,الحزمة الثالثة,2.000%
SO.3.33,ادارة السياسات,الحزمة الثانية,32.000%
SO.3.33,الخدمات الرقمية والتقنية,الحزمة الثانية,18.000%
SO.3.33,مكتب الوزير,الحزمة الثانية,2.000%
SO.3.34,الإدارة المالية,الحزمة الأولى,56.000%
SO.3.34,"الادارات المالية في المناطق - الوسطى , الشرقية , الغربية",الحزمة الأولى,56.000%
SO.3.34,مكتب ادارة المشاريع المؤسسي,الحزمة الأولى,25.000%
SO.3.34,ادارة السياسات,الحزمة الأولى,14.000%
SO.3.35,الإدارة المالية,الحزمة الثانية,20.000%
SO.3.35,مكتب وكيل الوزارة,الحزمة الثانية,2.000%
SO.3.36,الإدارة العامة للخدمات المشتركة,الحزمة الثانية,16.000%
SO.3.37,الشؤون الاستراتيجية والسياسات ,الحزمة الثالثة,24.000%
SO.3.37,الموارد البشرية,الحزمة الثالثة,6.000%
SO.3.39,التطوير والعمليات - الخدمات الرقمية والتقنية,الحزمة الأولى,80.000%
SO.3.39,الموارد البشرية,الحزمة الأولى,8.000%
SO.3.39,الإدارة المالية,الحزمة الأولى,8.000%
SO.3.39,سلاح الاشارة,الحزمة الأولى,26.000%
SO.3.39,ادارة السياسات,الحزمة الأولى,14.000%
SO.3.39,تقنية المعلومات في القطاع الصحي,الحزمة الأولى,26.000%
SO.3.39,الخدمات الرقمية والتقنية,الحزمة الأولى,80.000%
SO.3.39,مكتب وكيل الوزارة,الحزمة الأولى,8.000%
SO.3.4,قيادة الطب العسكري الميداني,الحزمة الأولى,4.000%
SO.3.4,هيئة الامداد والتموين,الحزمة الأولى,4.000%
SO.3.4,وكالة الشؤون الفنية,الحزمة الأولى,14.000%
SO.3.4,قيادة الطب العسكري الميداني,الحزمة الأولى,8.000%
SO.3.40,استراتيجية الاتصالات وتقنية المعلومات والمحفظة والأداء - الخدمات الرقمية والتقنية,الحزمة الأولى,38.000%
SO.3.40,التطوير والعمليات - الخدمات الرقمية والتقنية,الحزمة الأولى,26.000%
SO.3.40,البنية المؤسسية والمعايير - الخدمات الرقمية والتقنية,الحزمة الأولى,26.000%
SO.3.40,سلاح الاشارة,الحزمة الأولى,24.000%
SO.3.40,تقنية المعلومات في القطاع الصحي,الحزمة الأولى,24.000%
SO.3.41,الابتكار الرقمي - الخدمات الرقمية والتقنية,الحزمة الأولى,52.000%
SO.3.42,استراتيجية الاتصالات وتقنية المعلومات والمحفظة والأداء - الخدمات الرقمية والتقنية,الحزمة الأولى,34.000%
SO.3.42,تقنية المعلومات في القطاع الصحي,الحزمة الأولى,30.000%
SO.3.42,سلاح الاشارة,الحزمة الأولى,30.000%
SO.3.42,التطوير والعمليات - الخدمات الرقمية والتقنية,الحزمة الأولى,34.000%
SO.3.43,استراتيجية الاتصالات وتقنية المعلومات والمحفظة والأداء - الخدمات الرقمية والتقنية,الحزمة الأولى,40.000%
SO.3.43,المشتريات العامة,الحزمة الأولى,28.000%
SO.3.43,سلاح الاشارة,الحزمة الأولى,28.000%
SO.3.43,ادارة الامن السيبراني,الحزمة الأولى,28.000%
SO.3.43,تقنية المعلومات في القطاع الصحي,الحزمة الأولى,28.000%
SO.3.45,استراتيجية الاتصالات وتقنية المعلومات والمحفظة والأداء - الخدمات الرقمية والتقنية,الحزمة الأولى,50.000%
SO.3.45,التطوير والعمليات - الخدمات الرقمية والتقنية,الحزمة الأولى,50.000%
SO.3.45,سلاح الاشارة,الحزمة الأولى,22.000%
SO.3.45,تقنية المعلومات في القطاع الصحي,الحزمة الأولى,22.000%
SO.3.45,البنية المؤسسية والمعايير - الخدمات الرقمية والتقنية,الحزمة الأولى,50.000%
SO.3.45,ادارة السياسات,الحزمة الأولى,40.000%
SO.3.46,التطوير والعمليات - الخدمات الرقمية والتقنية,الحزمة الأولى,52.000%
SO.3.46,استراتيجية الاتصالات وتقنية المعلومات والمحفظة والأداء - الخدمات الرقمية والتقنية,الحزمة الأولى,52.000%
SO.3.46,قاعدة الامداد والتموين في الرياض,الحزمة الأولى,33.000%
SO.3.46,الموارد البشرية,الحزمة الأولى,33.000%
SO.3.46,الإدارة المالية,الحزمة الأولى,33.000%
SO.3.46,الإدارة العامة لشؤون الضباط,الحزمة الأولى,33.000%
SO.3.46,هيئة شؤون الافراد,الحزمة الأولى,33.000%
SO.3.46,كلية الملك عبدالله للقيادة والاركان,الحزمة الأولى,33.000%
SO.3.46,البنية المؤسسية والمعايير - الخدمات الرقمية والتقنية,الحزمة الأولى,52.000%
SO.3.46,الادارة العامة للحوكمة والمخاطر والإلتزام,الحزمة الأولى,33.000%
SO.3.46,سلاح الاشارة,الحزمة الأولى,33.000%
SO.3.46,تقنية المعلومات في القطاع الصحي,الحزمة الأولى,33.000%
SO.3.47,التطوير والعمليات - الخدمات الرقمية والتقنية,الحزمة الثانية,36.000%
SO.3.47,تقنية المعلومات في القطاع الصحي,الحزمة الثانية,36.000%
SO.3.47,استراتيجية الاتصالات وتقنية المعلومات والمحفظة والأداء - الخدمات الرقمية والتقنية,الحزمة الثانية,11.000%
SO.3.47.1,التطوير والعمليات - الخدمات الرقمية والتقنية,الحزمة الأولى,46.000%
SO.3.47.1,هيئة التعليم والتدريب,الحزمة الأولى,42.000%
SO.3.47.1,كلية الملك عبدالله للقيادة والاركان,الحزمة الأولى,42.000%
SO.3.47.1,مدرسة سلاح الاشارة,الحزمة الأولى,42.000%
SO.3.47.1,مدارس الحرس الوطني العسكرية,الحزمة الأولى,42.000%
SO.3.47.1,مدرسة الطب الميداني,الحزمة الأولى,42.000%
SO.3.47.1,كلية الملك خالد العسكرية,الحزمة الأولى,42.000%
SO.3.47.1,قيادة التدريب والعقيدة,الحزمة الأولى,42.000%
SO.3.48,التطوير والعمليات - الخدمات الرقمية والتقنية,الحزمة الأولى,44.000%
SO.3.48,البنية المؤسسية والمعايير - الخدمات الرقمية والتقنية,الحزمة الأولى,44.000%
SO.3.48,ادارة البيانات,الحزمة الأولى,34.000%
SO.3.48,استراتيجية الاتصالات وتقنية المعلومات والمحفظة والأداء - الخدمات الرقمية والتقنية,الحزمة الأولى,44.000%
SO.3.48,تقنية المعلومات في القطاع الصحي,الحزمة الأولى,31.000%
SO.3.48,سلاح الاشارة,الحزمة الأولى,31.000%
SO.3.48,ادارة الامن السيبراني,الحزمة الأولى,25.000%
SO.3.49,الابتكار الرقمي - الخدمات الرقمية والتقنية,الحزمة الأولى,34.000%
SO.3.49,التطوير والعمليات - الخدمات الرقمية والتقنية,الحزمة الأولى,24.000%
SO.3.49,استراتيجية الاتصالات وتقنية المعلومات والمحفظة والأداء - الخدمات الرقمية والتقنية,الحزمة الأولى,24.000%
SO.3.49,سلاح الاشارة,الحزمة الأولى,24.000%
SO.3.49,تقنية المعلومات في القطاع الصحي,الحزمة الأولى,24.000%
SO.3.50,التطوير والعمليات - الخدمات الرقمية والتقنية,الحزمة الثانية,31.000%
SO.3.50,التطوير والعمليات - الخدمات الرقمية والتقنية,الحزمة الثانية,25.000%
SO.3.50,هيئة الاستخبارات,الحزمة الثانية,23.000%
SO.3.50,هيئة الامداد والتموين,الحزمة الثانية,23.000%
SO.3.50,قاعدة الامداد والتموين في الرياض,الحزمة الثانية,23.000%
SO.3.50,قاعدة الإمداد والتموين في القطاع الغربي,الحزمة الثانية,23.000%
SO.3.50,قاعدة الإمداد والتموين بالقطاع الشرقي,الحزمة الثانية,23.000%
SO.3.50,هيئة الاتصالات,الحزمة الثانية,28.000%
SO.3.51,الخدمات الرقمية والتقنية,الحزمة الأولى,72.000%
SO.3.51,وكالة الشؤون الفنية,الحزمة الأولى,8.000%
SO.3.51,خدمات الدعم المؤسسي,الحزمة الأولى,20.000%
SO.3.51,المشتريات العامة,الحزمة الأولى,8.000%
SO.3.51,الحوكمة والمخاطر والامتثال - الامن السيبراني ,الحزمة الأولى,14.000%
SO.3.52,التطوير والعمليات - الخدمات الرقمية والتقنية,الحزمة الأولى,60.000%
SO.3.52,استراتيجية الاتصالات وتقنية المعلومات والمحفظة والأداء - الخدمات الرقمية والتقنية,الحزمة الأولى,60.000%
SO.3.52,البنية المؤسسية والمعايير - الخدمات الرقمية والتقنية,الحزمة الأولى,60.000%
SO.3.52,كلية الملك عبدالله للقيادة والاركان,الحزمة الأولى,39.000%
SO.3.52,قاعدة الامداد والتموين في الرياض,الحزمة الأولى,39.000%
SO.3.52,الموارد البشرية,الحزمة الأولى,39.000%
SO.3.52,الإدارة المالية,الحزمة الأولى,39.000%
SO.3.52,الإدارة العامة لشؤون الضباط,الحزمة الأولى,39.000%
SO.3.52,هيئة شؤون الافراد,الحزمة الأولى,39.000%
SO.3.52,سلاح الاشارة,الحزمة الأولى,54.000%
SO.3.52,تقنية المعلومات في القطاع الصحي,الحزمة الأولى,54.000%
SO.3.52,ادارة الامن السيبراني,الحزمة الأولى,44.000%
SO.3.52,ادارة البيانات,الحزمة الأولى,58.000%
SO.3.53,التطوير والعمليات - الخدمات الرقمية والتقنية,الحزمة الأولى,54.000%
SO.3.53,البنية المؤسسية والمعايير - الخدمات الرقمية والتقنية,الحزمة الأولى,38.000%
SO.3.53,سلاح الاشارة,الحزمة الأولى,38.000%
SO.3.53,تقنية المعلومات في القطاع الصحي,الحزمة الأولى,38.000%
SO.3.53,ادارة الامن السيبراني,الحزمة الأولى,22.000%
SO.3.53,ادارة البيانات,الحزمة الأولى,16.000%
SO.3.54,البنية المؤسسية والمعايير - الخدمات الرقمية والتقنية,الحزمة الثانية,38.000%
SO.3.54,تقنية المعلومات في القطاع الصحي,الحزمة الثانية,33.000%
SO.3.54,هيئة الاتصالات,الحزمة الثانية,33.000%
SO.3.54,استراتيجية الاتصالات وتقنية المعلومات والمحفظة والأداء - الخدمات الرقمية والتقنية,الحزمة الثانية,14.000%
SO.3.54,ادارة الامن السيبراني,الحزمة الثانية,8.000%
SO.3.55,الحوكمة والمخاطر والامتثال - الامن السيبراني ,الحزمة الأولى,40.000%
SO.3.55,الادارة العامة للحوكمة والمخاطر والإلتزام,الحزمة الأولى,22.000%
SO.3.55,الامن السيبراني - سلاح الاشارة,الحزمة الأولى,40.000%
SO.3.55,الامن السيبراني - القطاع الصحي,الحزمة الأولى,40.000%
SO.3.55,الدفاع السيبراني والمراقبة والاستجابة,الحزمة الأولى,40.000%
SO.3.55,استراتيجية الاتصالات وتقنية المعلومات والمحفظة والأداء - الخدمات الرقمية والتقنية,الحزمة الأولى,26.000%
SO.3.55,الخدمات الرقمية والتقنية,الحزمة الأولى,22.000%
SO.3.56,الحوكمة والمخاطر والامتثال - الامن السيبراني ,الحزمة الأولى,36.000%
SO.3.56,الادارة العامة للحوكمة والمخاطر والإلتزام,الحزمة الأولى,36.000%
SO.3.56,تخطيط الأمن السيبراني وإدارة الأداء,الحزمة الأولى,36.000%
SO.3.56,الامن السيبراني - سلاح الاشارة,الحزمة الأولى,27.000%
SO.3.56,الامن السيبراني - القطاع الصحي,الحزمة الأولى,27.000%
SO.3.56,الدفاع السيبراني والمراقبة والاستجابة,الحزمة الأولى,36.000%
SO.3.56,استراتيجية الاتصالات وتقنية المعلومات والمحفظة والأداء - الخدمات الرقمية والتقنية,الحزمة الأولى,27.000%
SO.3.56,الامن السيبراني - الخدمات الرقمية والتقنية,الحزمة الأولى,27.000%
SO.3.56,مكتب وكيل الوزارة,الحزمة الأولى,8.000%
SO.3.56,مكتب الوزير,الحزمة الأولى,8.000%
SO.3.56,مكتب رئيس الجهاز العسكري,الحزمة الأولى,8.000%
SO.3.56,مكتب نائب رئيس الجهاز العسكري,الحزمة الأولى,8.000%
SO.3.57,الحوكمة والمخاطر والامتثال - الامن السيبراني ,الحزمة الأولى,24.000%
SO.3.57,سلاح الاشارة,الحزمة الأولى,18.000%
SO.3.57,تقنية المعلومات في القطاع الصحي,الحزمة الأولى,18.000%
SO.3.57,الخدمات الرقمية والتقنية,الحزمة الأولى,18.000%
SO.3.57,الادارة العامة للحوكمة والمخاطر والإلتزام,الحزمة الأولى,16.000%
SO.3.58,الحوكمة والمخاطر والامتثال - الامن السيبراني ,الحزمة الأولى,20.000%
SO.3.58,الامن السيبراني - سلاح الاشارة,الحزمة الأولى,14.000%
SO.3.58,الامن السيبراني - القطاع الصحي,الحزمة الأولى,14.000%
SO.3.58,الامن السيبراني - الخدمات الرقمية والتقنية,الحزمة الأولى,14.000%
SO.3.58,الادارة العامة للحوكمة والمخاطر والإلتزام,الحزمة الأولى,8.000%
SO.3.59,الحوكمة والمخاطر والامتثال - الامن السيبراني ,الحزمة الأولى,30.000%
SO.3.59,البنية المؤسسية والمعايير - الخدمات الرقمية والتقنية,الحزمة الأولى,45.000%
SO.3.59,تقنية المعلومات في القطاع الصحي,الحزمة الأولى,30.000%
SO.3.59,التطوير والعمليات - الخدمات الرقمية والتقنية,الحزمة الأولى,30.000%
SO.3.59,سلاح الاشارة,الحزمة الأولى,30.000%
SO.3.6,مكتب نائب الوزير,الحزمة الصفرية,54.200%
SO.3.6,مكتب الوزير,الحزمة الصفرية,54.200%
SO.3.6,مكتب وكيل الوزارة,الحزمة الصفرية,54.200%
SO.3.6,الشؤون الثقافية,الحزمة الصفرية,49.200%
SO.3.6,خدمات الدعم المؤسسي,الحزمة الصفرية,49.200%
SO.3.6,مكتب وكيل الشؤون الفنية,الحزمة الصفرية,49.200%
SO.3.6,وكالة شؤون المشاريع,الحزمة الصفرية,49.200%
SO.3.6,الموارد البشرية,الحزمة الصفرية,49.200%
SO.3.6,الإدارة العامة للمعلومات والإحصاء,الحزمة الصفرية,49.200%
SO.3.6,الإدارة العامة للمطابع,الحزمة الصفرية,49.200%
SO.3.6,الادارة العامة للبيانات,الحزمة الصفرية,49.200%
SO.3.6,الشؤون القانونية,الحزمة الصفرية,49.200%
SO.3.6,الإدارة العامة للأراضي والممتلكات,الحزمة الصفرية,49.200%
SO.3.6,مركز الاتصال والإعلام,الحزمة الصفرية,49.200%
SO.3.6,الإدارة العامة للإرشاد والتوجيه,الحزمة الصفرية,49.200%
SO.3.6,الإدارة العامة لتقنية وأمن المعلومات,الحزمة الصفرية,49.200%
SO.3.60,الحوكمة والمخاطر والامتثال - الامن السيبراني ,الحزمة الأولى,34.000%
SO.3.60,تخطيط الأمن السيبراني وإدارة الأداء,الحزمة الأولى,34.000%
SO.3.60,استراتيجية الاتصالات وتقنية المعلومات والمحفظة والأداء - الخدمات الرقمية والتقنية,الحزمة الأولى,34.000%
SO.3.60,الامن السيبراني - سلاح الاشارة,الحزمة الأولى,34.000%
SO.3.60,الامن السيبراني - القطاع الصحي,الحزمة الأولى,34.000%
SO.3.60,التطوير والعمليات - الخدمات الرقمية والتقنية,الحزمة الأولى,34.000%
SO.3.61,ادارة الامن السيبراني,الحزمة الأولى,88.000%
SO.3.61,الامن السيبراني - سلاح الاشارة,الحزمة الأولى,64.000%
SO.3.61,الامن السيبراني - القطاع الصحي,الحزمة الأولى,64.000%
SO.3.61,الامن السيبراني - الخدمات الرقمية والتقنية,الحزمة الأولى,64.000%
SO.3.61,الدفاع السيبراني والمراقبة والاستجابة,الحزمة الأولى,88.000%
SO.3.62,الامن السيبراني - سلاح الاشارة,الحزمة الصفرية,56.000%
SO.3.62,الامن السيبراني - القطاع الصحي,الحزمة الصفرية,56.000%
SO.3.62,مركز الاتصال والإعلام,الحزمة الصفرية,9.000%
SO.3.62,الادارة العامة للامن السبراني,الحزمة الصفرية,56.000%
SO.3.62,الإدارة العامة لتقنية وأمن المعلومات,الحزمة الصفرية,56.000%
SO.3.63,قيادة سلاح الاشارة,الحزمة الصفرية,24.000%
SO.3.63,تقنية المعلومات في القطاع الصحي,الحزمة الصفرية,24.000%
SO.3.63,ادارة التطبيقات,الحزمة الصفرية,24.000%
SO.3.63,الموارد البشرية,الحزمة الصفرية,16.000%
SO.3.63,مركز ادارة الامداد والتموين الآلي,الحزمة الصفرية,16.000%
SO.3.63, ادارة المعلومات,الحزمة الصفرية,16.000%
SO.3.63,الإدارة العامة لشؤون الضباط,الحزمة الصفرية,16.000%
SO.3.63,قيادة الشرطة العسكرية,الحزمة الصفرية,16.000%
SO.3.63,المساعد للشؤون الإدارية,الحزمة الصفرية,16.000%
SO.3.63,مساعد قائد الكلية للشؤون الإدارية,الحزمة الصفرية,16.000%
SO.3.63,الموارد البشرية في القطاع الصحي,الحزمة الصفرية,16.000%
SO.3.63,الادارة المالية في القطاع الصحي,الحزمة الصفرية,16.000%
SO.3.63,مركز ابحاث KAIMRC,الحزمة الصفرية,16.000%
SO.3.63,كلية الشؤون الصحية في جامعة الملك سعود,الحزمة الصفرية,16.000%
SO.3.63,الادارة العامة للامن السبراني,الحزمة الصفرية,24.000%
SO.3.64.1,الحوكمة والمخاطر والامتثال - الامن السيبراني ,الحزمة الأولى,30.000%
SO.3.64.1,تقنية المعلومات في القطاع الصحي,الحزمة الأولى,30.000%
SO.3.64.1,هيئة الاستخبارات,الحزمة الأولى,30.000%
SO.3.64.1,سلاح الاشارة,الحزمة الأولى,30.000%
SO.3.64.1,التطوير والعمليات - الخدمات الرقمية والتقنية,الحزمة الأولى,30.000%
SO.3.64.2,الحوكمة والمخاطر والامتثال - الامن السيبراني ,الحزمة الأولى,30.000%
SO.3.64.2,هيئة الاستخبارات,الحزمة الأولى,30.000%
SO.3.64.2,سلاح الاشارة,الحزمة الأولى,30.000%
SO.3.64.2,التطوير والعمليات - الخدمات الرقمية والتقنية,الحزمة الأولى,30.000%
SO.3.64.2,تقنية المعلومات في القطاع الصحي,الحزمة الأولى,30.000%
SO.3.65.1,الحوكمة والمخاطر والامتثال - الامن السيبراني ,الحزمة الأولى,30.000%
SO.3.65.1,هيئة الاستخبارات,الحزمة الأولى,30.000%
SO.3.65.1,سلاح الاشارة,الحزمة الأولى,30.000%
SO.3.65.1,التطوير والعمليات - الخدمات الرقمية والتقنية,الحزمة الأولى,30.000%
SO.3.65.1,هيئة الطيران,الحزمة الأولى,30.000%
SO.3.65.1,هيئة الامداد والتموين,الحزمة الأولى,30.000%
SO.3.65.1,تقنية المعلومات في القطاع الصحي,الحزمة الأولى,30.000%
So.3.65.2,الحوكمة والمخاطر والامتثال - الامن السيبراني ,الحزمة الأولى,30.000%
So.3.65.2,هيئة الاستخبارات,الحزمة الأولى,30.000%
So.3.65.2,سلاح الاشارة,الحزمة الأولى,30.000%
So.3.65.2,التطوير والعمليات - الخدمات الرقمية والتقنية,الحزمة الأولى,30.000%
So.3.65.2,تقنية المعلومات في القطاع الصحي,الحزمة الأولى,30.000%
SO.3.66,البنية المؤسسية والمعايير - الخدمات الرقمية والتقنية,الحزمة الأولى,52.000%
SO.3.66,التطوير والعمليات - الخدمات الرقمية والتقنية,الحزمة الأولى,52.000%
SO.3.66,استراتيجية الاتصالات وتقنية المعلومات والمحفظة والأداء - الخدمات الرقمية والتقنية,الحزمة الأولى,52.000%
SO.3.66,الابتكار الرقمي - الخدمات الرقمية والتقنية,الحزمة الأولى,52.000%
SO.3.66,ادارة الامن السيبراني,الحزمة الأولى,30.000%
SO.3.66,سلاح الاشارة,الحزمة الأولى,44.000%
SO.3.66,تقنية المعلومات في القطاع الصحي,الحزمة الأولى,44.000%
SO.3.68,الموارد البشرية في القطاع الصحي,الحزمة الأولى,74.000%
SO.3.68,ادارة خدمات القوى البشرية - القطاع الصحي,الحزمة الأولى,74.000%
SO.3.68,جميع ادارات الموارد البشرية في المستشفيات التابعة للحرس الوطني,الحزمة الأولى,74.000%
SO.3.68,الشؤون التنظيمية والتخطيط,الحزمة الأولى,19.000%
SO.3.68,ادارة التواصل المؤسسي - القطاع الصحي,الحزمة الأولى,14.000%
SO.3.69,قيادة التدريب والعقيدة,الحزمة الثانية,49.000%
SO.3.69,الإدارة العامة لشؤون الضباط,الحزمة الثانية,8.000%
SO.3.69,هيئة شؤون الافراد,الحزمة الثانية,8.000%
SO.3.69,مكتب رئيس الجهاز العسكري,الحزمة الثانية,8.000%
SO.3.69,هيئة التعليم والتدريب,الحزمة الثانية,11.000%
so.3.7,مكتب نائب الوزير,الحزمة الصفرية,19.000%
so.3.7,الشؤون القانونية,الحزمة الصفرية,29.000%
so.3.7,مكتب وكيل الوزارة,الحزمة الصفرية,19.000%
so.3.7,مكتب الوزير,الحزمة الصفرية,19.000%
so.3.7,الموارد البشرية,الحزمة الصفرية,29.000%
SO.3.72,ادارة خدمات القوى البشرية - القطاع الصحي,الحزمة الأولى,60.000%
SO.3.72,الموارد البشرية في القطاع الصحي,الحزمة الأولى,60.000%
SO.3.72,إدارة البيانات وذكاء الأعمال - DBIM,الحزمة الأولى,60.000%
SO.3.72,تقنية المعلومات في القطاع الصحي,الحزمة الأولى,40.000%
SO.3.75,تقنية المعلومات في القطاع الصحي,الحزمة الثانية,25.000%
SO.3.75,الموارد البشرية في القطاع الصحي,الحزمة الثانية,25.000%
SO.3.76,الادارة العامة للحوكمة والمخاطر والإلتزام,الحزمة الأولى,80.000%
SO.3.76,مكتب الوزير,الحزمة الأولى,32.000%
SO.3.76,ادارة السياسات,الحزمة الأولى,20.000%
SO.3.76,الشؤون الهندسية والمرافق,الحزمة الأولى,14.000%
SO.3.76,ادارة البيانات,الحزمة الأولى,80.000%
SO.3.76,ادارة الامن السيبراني,الحزمة الأولى,80.000%
SO.3.76,الموارد البشرية,الحزمة الأولى,14.000%
SO.3.76,الإدارة العامة للأسلحة والذخيرة,الحزمة الأولى,60.000%
SO.3.76,المخاطر في ادارة العمليات - هيئة العمليات,الحزمة الأولى,60.000%
SO.3.76,الإدارة العامة للمناقصات والعقود,الحزمة الأولى,60.000%
so.3.8,مكتب وكيل الوزارة,الحزمة الصفرية,30.000%
SO.3.95,ادارة العمليات - هيئة الطيران,الحزمة الأولى,72.000%
SO.3.95,قاعدة طيرا ن الحرس الوطني,الحزمة الأولى,56.000%
SO.3.95,رئاسة هيئة الطيران,الحزمة الأولى,24.000%
SO.3.95,الإدارة العامة لشؤون الضباط,الحزمة الأولى,14.000%
SO.3.95,هيئة شؤون الافراد,الحزمة الأولى,14.000%
SO.3.99,هيئة القوة البشرية,الحزمة الثانية,38.000%
SO.3.99,هيئة العمليات,الحزمة الثانية,5.000%
SO.3.99,هيئة الخطط,الحزمة الثانية,5.000%
SO.4.1,إدارة الشؤون الاجتماعية والثقافية والرياضية,الحزمة الأولى,23.000%
SO.4.1,الموارد البشرية,الحزمة الأولى,9.000%
SO.4.1,هيئة التعليم والتدريب,الحزمة الأولى,9.000%
SO.4.1,الإدارة العامة للإرشاد والتوجيه,الحزمة الأولى,23.000%
SO.4.11,مركز الاتصال والإعلام,الحزمة الأولى,23.000%
SO.4.11,ادارة العلاقات العامة والاعلام - القطاع الصحي,الحزمة الأولى,23.000%
SO.4.11,إدارة الشؤون الاجتماعية والثقافية والرياضية,الحزمة الأولى,23.000%
SO.4.11,الموارد البشرية في القطاع الصحي,الحزمة الأولى,12.000%
SO.4.11,الموارد البشرية,الحزمة الأولى,12.000%
SO.4.11,ادارة خدمات القوى البشرية - القطاع الصحي,الحزمة الأولى,12.000%
SO.4.22,مركز الاتصال والإعلام,الحزمة الأولى,19.000%
SO.4.22,إدارة الشؤون الاجتماعية والثقافية والرياضية,الحزمة الأولى,19.000%
SO.4.22,الموارد البشرية,الحزمة الأولى,13.000%
SO.4.22,الإدارة العامة لشؤون الضباط,الحزمة الأولى,13.000%
SO.4.22,هيئة شؤون الافراد,الحزمة الأولى,13.000%
SO.4.4,ادارة عمليات الموارد البشرية,الحزمة الثانية,55.000%
SO.4.4,ادارة التواصل المؤسسي - القطاع الصحي,الحزمة الثانية,8.000%
SO.4.9,شؤون المشاريع للبنى التحتية - الشؤون الهندسية والمرافق,الحزمة الأولى,39.000%
SO.4.9,الإدارة العامة للدراسات والتصاميم - الشؤون الفنية,الحزمة الأولى,33.000%
SO.4.9,ادارة المشاريع - وكالة الشؤون الفنية,الحزمة الأولى,33.000%
SO.4.9,مكتب ادارة المشاريع المؤسسي,الحزمة الأولى,29.000%
SO.5.1,مراكز التميز,الحزمة الثانية,56.000%
SO.5.1,الادارة الطبية - يجب التاكد من الارتباط,الحزمة الثانية,9.000%
SO.5.1,جميع المدن الطبية,الحزمة الثانية,9.000%
SO.5.1,الموارد البشرية في القطاع الصحي,الحزمة الثانية,9.000%
SO.5.1,ادارة السياسات - القطاع الصحي,الحزمة الثانية,4.000%
SO.5.1,ادارة التواصل المؤسسي - القطاع الصحي,الحزمة الثانية,4.000%
SO.5.4,ادارة التنظيم والتسليح - هيئة العمليات,الحزمة الصفرية,55.000%
SO.5.4,إدارة الخطط والعمليات - هيئة العمليات,الحزمة الصفرية,55.000%
SO.5.4,وكالة شؤون المشاريع,الحزمة الصفرية,55.000%
SO.5.4,الإدارة العامة للأسلحة والذخيرة,الحزمة الصفرية,55.000%
SO.5.4,ادارة الدراسات والمعلومات,الحزمة الصفرية,55.000%
SO.5.5,الإدارة العامة العسكرية للمشتريات,الحزمة الصفرية,55.000%
SO.5.5,وكالة شؤون المشاريع,الحزمة الصفرية,55.000%
SO.5.5,الشؤون القانونية,الحزمة الصفرية,55.000%
SO.5.5,مكتب الوزير,الحزمة الصفرية,25.000%
SO.5.5,مكتب رئيس الجهاز العسكري,الحزمة الصفرية,25.000%
SO.5.7,وكالة شؤون المشاريع,الحزمة الصفرية,45.000%
SO.5.7,مكتب رئيس الجهاز العسكري,الحزمة الصفرية,50.000%
SO.5.7,إدارة الخطط والعمليات - هيئة العمليات,الحزمة الصفرية,45.000%
SO.5.7,الإدارة العامة العسكرية للمشتريات,الحزمة الصفرية,25.000%
SO.5.7,إدارة الخطط والعمليات,الحزمة الصفرية,25.000%
SO.5.7,إدارة العمليات,الحزمة الصفرية,25.000%
SO.5.7,مكتب الوزير,الحزمة الصفرية,35.000%
SO.6.20,مكتب رئيس الجهاز العسكري,الحزمة الصفرية,31.600%
SO.6.20,هيئة العمليات,الحزمة الصفرية,36.600%
SO.6.20,هيئة الامداد والتموين,الحزمة الصفرية,31.600%
SO.6.20,هيئة الطيران,الحزمة الصفرية,31.600%
SO.6.20,هيئة التعليم والتدريب,الحزمة الصفرية,31.600%
SO.6.20,هيئة شؤون الافراد,الحزمة الصفرية,31.600%
SO.6.20,هيئة الاستخبارات,الحزمة الصفرية,31.600%
SO.6.20,الإدارة العامة لشؤون الضباط,الحزمة الصفرية,31.600%
SO.6.21,القيادة الشرقية,الحزمة الأولى,68.000%
SO.6.21,القيادة الغربية,الحزمة الأولى,68.000%
SO.6.21,سلاح الاشارة,الحزمة الأولى,18.000%
SO.6.21,هيئة العمليات,الحزمة الأولى,18.000%
SO.6.21,هيئة الاستخبارات,الحزمة الأولى,18.000%
SO.6.21,هيئة الامداد والتموين,الحزمة الأولى,18.000%
SO.6.21,هيئة شؤون الافراد,الحزمة الأولى,18.000%
SO.6.21,الإدارة العامة لشؤون الضباط,الحزمة الأولى,18.000%
SO.6.21,هيئة التعليم والتدريب,الحزمة الأولى,18.000%
SO.6.21,لواء الملك عبدالله,الحزمة الأولى,64.000%
SO.6.21,لواء الملك عبدالعزيز,الحزمة الأولى,64.000%
SO.6.21,مكتب رئيس الجهاز العسكري,الحزمة الأولى,40.000%
so.6.23,مكتب رئيس الجهاز العسكري,الحزمة الصفرية,38.000%
so.6.23,رئاسة هيئة العمليات,الحزمة الصفرية,70.000%
so.6.23,قيادة الشرطة العسكرية,الحزمة الصفرية,70.000%
so.6.23,قيادة المدفعية والدفاع الجوي,الحزمة الصفرية,70.000%
so.6.23,قيادة الطب العسكري الميداني,الحزمة الصفرية,70.000%
so.6.23,قيادة مدارس الحرس الوطني العسكرية,الحزمة الصفرية,70.000%
so.6.23,قاعدة اسناد التدريب والعقيدة العسكرية,الحزمة الصفرية,70.000%
so.6.23,قيادة سلاح الإشارة,الحزمة الصفرية,70.000%
so.6.23,كتيبة هندسة القتال الأولى,الحزمة الصفرية,70.000%
so.6.23,رئاسة هيئة التعليم والتدريب,الحزمة الصفرية,70.000%
so.6.23,رئاسة هيئة الامداد والتموين,الحزمة الصفرية,70.000%
so.6.23,رئاسة هيئة الإستخبارات,الحزمة الصفرية,70.000%
so.6.23,رئاسة هيئة الطيران,الحزمة الصفرية,70.000%
so.6.23,رئاسة هيئة شؤون الافراد,الحزمة الصفرية,70.000%
SO.6.25,مكتب نائب رئيس الجهاز العسكري,الحزمة الثانية,19.000%
SO.6.25,قيادة المناورة,الحزمة الثانية,80.000%
SO.6.25,مكتب رئيس الجهاز العسكري,الحزمة الثانية,17.000%
SO.6.25,هيئة العمليات,الحزمة الثانية,9.000%
SO.6.25,هيئة القوة البشرية,الحزمة الثانية,6.000%
SO.6.25,تطوير القوات والقدرات,الحزمة الثانية,11.000%
SO.6.26,وكالة الشؤون الفنية,الحزمة الأولى,18.000%
SO.6.26,هيئة العمليات,الحزمة الأولى,38.000%
SO.6.26,قيادة اسناد القتال,الحزمة الأولى,100.000%
SO.6.26,هيئة الاستخبارات,الحزمة الأولى,38.000%
SO.6.26,سلاح الاشارة,الحزمة الأولى,32.000%
SO.6.26,الإدارة العامة لشؤون الضباط,الحزمة الأولى,14.000%
SO.6.26,هيئة شؤون الافراد,الحزمة الأولى,14.000%
SO.6.26,هيئة الطيران,الحزمة الأولى,14.000%
SO.6.26,هيئة الامداد والتموين,الحزمة الأولى,14.000%
SO.6.26,مكتب نائب رئيس الجهاز العسكري,الحزمة الأولى,50.000%
SO.6.26,هيئة التعليم والتدريب,الحزمة الأولى,22.000%
SO.6.27,قيادة اسناد القتال,الحزمة الأولى,48.000%
SO.6.27,قيادة خدمات اسناد القتال,الحزمة الأولى,100.000%
SO.6.27,هيئة العمليات,الحزمة الأولى,20.000%
SO.6.27,الإدارة العامة لشؤون الضباط,الحزمة الأولى,14.000%
SO.6.27,هيئة شؤون الافراد,الحزمة الأولى,14.000%
SO.6.27,وكالة الشؤون الفنية,الحزمة الأولى,18.000%
SO.6.3,هيئة العمليات,الحزمة الأولى,38.000%
SO.6.3,ادارة مراكز الرعاية الاولية,الحزمة الأولى,18.000%
SO.6.3,القيادة الوسطى,الحزمة الأولى,18.000%
SO.6.3,القيادة الشرقية,الحزمة الأولى,18.000%
SO.6.3,القيادة الغربية,الحزمة الأولى,18.000%
SO.6.3,قيادة الطب العسكري الميداني,الحزمة الأولى,50.000%
SO.6.30,هيئة العمليات,الحزمة الثالثة,34.000%
SO.6.30,هيئة الخطط,الحزمة الثالثة,34.000%
SO.6.30,هيئة الامداد والتموين,الحزمة الثالثة,34.000%
SO.6.30,هيئة الاستخبارات,الحزمة الثالثة,34.000%
SO.6.30,القيادة الوسطى,الحزمة الثالثة,34.000%
SO.6.30,القيادة الشرقية,الحزمة الثالثة,34.000%
SO.6.30,القيادة الغربية,الحزمة الثالثة,34.000%
SO.6.30,هيئة الطيران,الحزمة الثالثة,34.000%
SO.6.30,اسناد القتل,الحزمة الثالثة,34.000%
SO.6.30,ادارة تكامل القدرات,الحزمة الثالثة,34.000%
SO.6.30,تطوير القوات والقدرات,الحزمة الثالثة,34.000%
SO.6.30,خدمات اسناد القتال,الحزمة الثالثة,34.000%
SO.6.30,مكتب رئيس الجهاز العسكري,الحزمة الثالثة,18.000%
SO.6.30,مكتب نائب رئيس الجهاز العسكري,الحزمة الثالثة,18.000%
SO.6.31,هيئة العمليات,الحزمة الأولى,42.000%
SO.6.31,هيئة الاستخبارات,الحزمة الأولى,38.000%
SO.6.31,مكتب نائب رئيس الجهاز العسكري,الحزمة الأولى,22.000%
SO.6.31,مكتب رئيس الجهاز العسكري,الحزمة الأولى,16.000%
SO.6.33,ادارة تكامل القدرات,الحزمة الأولى,90.000%
SO.6.33,وكالة شؤون المشاريع,الحزمة الأولى,14.000%
SO.6.33,هيئة العمليات,الحزمة الأولى,39.000%
SO.6.33,سلاح الاشارة,الحزمة الأولى,24.000%
SO.6.33,الإدارة العامة لشؤون الضباط,الحزمة الأولى,14.000%
SO.6.33,هيئة شؤون الافراد,الحزمة الأولى,14.000%
SO.6.33,هيئة التعليم والتدريب,الحزمة الأولى,20.000%
SO.6.33,مكتب نائب رئيس الجهاز العسكري,الحزمة الأولى,59.000%
SO.6.33,مكتب رئيس الجهاز العسكري,الحزمة الأولى,18.000%
SO.6.4,ادارة العمليات - الطب العسكري الميداني,الحزمة الثانية,10.000%
SO.6.4,ادارة التدريب - الطب العسكري الميداني,الحزمة الثانية,10.000%
SO.6.4,قيادة الطب العسكري الميداني,الحزمة الثانية,22.000%
SO.6.4,قيادة الطب العسكري الميداني,الحزمة الثانية,17.000%
SO.6.4,ادارة الاستراتيجية والعقيدة - الطب العسكري الميداني,الحزمة الثانية,18.000%
SO.6.4,ادارة الموارد البشرية - الطب العسكري الميداني,الحزمة الثانية,13.000%
SO.6.5,ادارة الاستراتيجية والعقيدة - الطب العسكري الميداني,الحزمة الأولى,53.000%
SO.6.5,ادارة التدريب - الطب العسكري الميداني,الحزمة الأولى,38.000%
SO.6.5,ادارة التموين والخدمات اللوجستية - الطب العسكري الميداني,الحزمة الأولى,38.000%
SO.6.5,ادارة العمليات - الطب العسكري الميداني,الحزمة الأولى,38.000%
SO.6.5,ادارة الموارد البشرية - الطب العسكري الميداني,الحزمة الأولى,58.000%
SO.6.5,مكتب CEO,الحزمة الأولى,12.000%
SO.6.5,ادارة شؤون العسكريين - القطاع الصحي,الحزمة الأولى,24.000%
SO.6.5,قيادة الطب العسكري الميداني,الحزمة الأولى,58.000%
SO.6.50,قيادة خدمات اسناد القتال,الحزمة الأولى,72.000%
SO.6.50,قيادة اسناد المعدات والتموين,الحزمة الأولى,100.000%
SO.6.50,قاعدة الامداد والتموين في الرياض,الحزمة الأولى,34.000%
SO.6.50,قاعدة الإمداد والتموين بالقطاع الشرقي,الحزمة الأولى,34.000%
SO.6.50,قاعدة الإمداد والتموين في القطاع الغربي,الحزمة الأولى,34.000%
SO.6.50,سلاح النقل,الحزمة الأولى,34.000%
SO.6.50,هيئة الامداد والتموين,الحزمة الأولى,28.000%
SO.6.50,الإدارة العامة لشؤون الضباط,الحزمة الأولى,14.000%
SO.6.50,هيئة شؤون الافراد,الحزمة الأولى,14.000%
SO.6.50,هيئة العمليات,الحزمة الأولى,22.000%
SO.6.50,وكالة الشؤون الفنية,الحزمة الأولى,22.000%
SO.6.51,هيئة العمليات,الحزمة الثانية,34.000%
SO.6.51,هيئة الامداد والتموين,الحزمة الثانية,19.000%
SO.6.51,مكتب رئيس الجهاز العسكري,الحزمة الثانية,8.000%
SO.6.51,مكتب نائب رئيس الجهاز العسكري,الحزمة الثانية,8.000%
SO.6.6,مكتب الوزير,الحزمة الثالثة,5.000%
SO.6.6,الشؤون القانونية,الحزمة الثالثة,11.000%
SO.6.6,مكتب رئيس الجهاز العسكري,الحزمة الثالثة,5.000%
SO.6.6,مكتب وكيل الوزارة,الحزمة الثالثة,5.000%
SO.6.6,مكتب CEO,الحزمة الثالثة,5.000%
SO.6.6,مكتب نائب الوزير,الحزمة الثالثة,5.000%
SO.6.6,ادارة السياسات,الحزمة الثالثة,8.000%
SO.6.7,الادارة العامة للمراجعة الداخلية,الحزمة الأولى,80.000%
SO.6.7,مكتب الوزير,الحزمة الأولى,32.000%
SO.6.7,ادارة السياسات,الحزمة الأولى,18.000%
SO.6.7,الموارد البشرية,الحزمة الأولى,8.000%
SO.6.7,الإدارة المالية,الحزمة الأولى,8.000%
SO.6.7,الاصول والممتلكات - الشؤون الهندسية والمرافق,الحزمة الأولى,12.000%
SO.6.7,المراجعة الداخلية في المقر الرئيسي بالمنطقة الوسطى,الحزمة الأولى,60.000%
SO.6.7,المراجعة الداخلية في المقر الرئيسي بالمنطقة الشرقية,الحزمة الأولى,60.000%
SO.6.7,المراجعة الداخلية في المقر الرئيسي بالمنطقة الغربية,الحزمة الأولى,60.000%
SO.6.7,التحقق والتدقيق في الشؤون المالية ,الحزمة الأولى,60.000%
SO.6.7,المراجعة والمتابعة في إدارة المشتريات,الحزمة الأولى,60.000%
SO.6.7,المراجعة الداخلية في الشؤون الصحية بالمنطقة الوسطى ,الحزمة الأولى,60.000%
SO.6.7,المراجعة الداخلية في الشؤون الصحية بالمنطقة الشرقية ,الحزمة الأولى,60.000%
SO.6.7,المراجعة الداخلية في الشؤون الصحية بالمنطقة الغربية ,الحزمة الأولى,60.000%
SO.6.7,المراجعة الداخلية في كلية الملك خالد العسكرية ,الحزمة الأولى,60.000%
SO.6.7,المراجعة الداخلية في المدراس العسكرية,الحزمة الأولى,60.000%
SO.6.7,المراجعة الداخلية في جامعة الملك سعود بن عبد العزيز للعلوم الصحية ,الحزمة الأولى,60.000%
SO.6.7,المراجعة الداخلية في كلية الملك عبدالله للقيادة والأركان,الحزمة الأولى,60.000%
SO.7.1,التحليل الاستراتيجي,الحزمة الأولى,39.000%
SO.7.1,مكتب رئيس الجهاز العسكري,الحزمة الأولى,39.000%
SO.7.1,مكتب وكيل الوزارة,الحزمة الأولى,39.000%
SO.7.2,الإدارة العامة للمراجعة الداخلية,الحزمة الثانية,24.000%
SO.7.2,الادارة العامة للحوكمة والمخاطر والإلتزام,الحزمة الثانية,25.000%
SO.7.2,ادارة السياسات,الحزمة الثانية,11.000%
SO.7.2,الموارد البشرية,الحزمة الثانية,19.000%
SO.7.2,مكتب رئيس الجهاز العسكري,الحزمة الثانية,7.000%
SO.7.2,مكتب نائب الوزير,الحزمة الثانية,7.000%
SO.7.2,مكتب وكيل الوزارة,الحزمة الثانية,7.000%
SO.7.2,مكتب الوزير,الحزمة الثانية,8.000%
SO.7.4,القيادة الوسطى,الحزمة الثالثة,62.000%
SO.7.4,القيادة الغربية,الحزمة الثالثة,62.000%
SO.7.4,القيادة الشرقية,الحزمة الثالثة,62.000%
SO.7.4,مكتب رئيس الجهاز العسكري,الحزمة الثالثة,6.000%
SO.7.4,هيئة الاتصالات,الحزمة الثالثة,8.000%
SO.7.4,هيئة التعليم والتدريب,الحزمة الثالثة,8.000%
SO.7.5,هيئة الخطط,الحزمة الثانية,26.000%
SO.7.5,هيئة العمليات,الحزمة الثانية,26.000%
SO.7.5,مكتب رئيس الجهاز العسكري,الحزمة الثانية,9.000%
SO.7.5,مكتب نائب رئيس الجهاز العسكري,الحزمة الثانية,9.000%
SO.7.6,هيئة التعليم والتدريب,الحزمة الثالثة,24.000%
SO.7.6,هيئة الخطط,الحزمة الثالثة,9.000%
SO.7.6,مكتب رئيس الجهاز العسكري,الحزمة الثالثة,6.000%
SO.7.7,وكالة شؤون المشاريع,الحزمة الثالثة,32.000%
SO.7.7,المشتريات والتسليح,الحزمة الثالثة,34.000%
SO.7.7,تطوير القوات والقدرات,الحزمة الثالثة,34.000%
SO.7.7,هيئة العمليات,الحزمة الثالثة,10.000%
SO.7.7,مكتب رئيس الجهاز العسكري,الحزمة الثالثة,6.000%
SO.8.1,قيادة الطب العسكري الميداني,الحزمة الثالثة,20.000%
SO.8.1,ادارة الموارد البشرية - الطب العسكري الميداني,الحزمة الثالثة,8.000%
SO.8.1,البحث والتطوير - الشؤون الصحية,الحزمة الثالثة,42.000%
SO.8.1,الاستراتيجية والعقيدة - ادارة اللجان,الحزمة الثالثة,8.000%
SO.8.1,ادارة شؤون العسكريين - القطاع الصحي,الحزمة الثالثة,13.000%
SO.8.1,ادارة التموين والخدمات اللوجستية - الطب العسكري الميداني,الحزمة الثالثة,10.000%
SO.8.1,مركز ابحاث KAIMRC,الحزمة الثالثة,20.000%
SO.8.10,التميز والجودة السريرية,الحزمة الثانية,32.000%
SO.8.10,تقنية المعلومات في القطاع الصحي,الحزمة الثانية,5.000%
SO.8.10,ادارة السياسات - القطاع الصحي,الحزمة الثانية,4.000%
SO.8.10,الشؤون الاستراتيجية - القطاع الصحي,الحزمة الثانية,4.000%
SO.8.10,ادارة مراكز الرعاية الاولية,الحزمة الثانية,10.000%
SO.8.10,جميع المستشفيات,الحزمة الثانية,10.000%
SO.8.10,ادارة الرعاية الصحية,الحزمة الثانية,18.000%
SO.8.10,صحة المستفيدين,الحزمة الثانية,18.000%
SO.8.10,ادارة التواصل المؤسسي - القطاع الصحي,الحزمة الثانية,21.000%
SO.8.100,الموارد البشرية في القطاع الصحي,الحزمة الثانية,18.000%
SO.8.100,الشؤون التنظيمية والتخطيط,الحزمة الثانية,9.000%
SO.8.100,جميع المستشفيات,الحزمة الثانية,8.000%
SO.8.100,ادارة مراكز الرعاية الاولية,الحزمة الثانية,8.000%
SO.8.100,مكتب CEO,الحزمة الثانية,4.000%
SO.8.100,مكتب COO,الحزمة الثانية,4.000%
SO.8.100,مكتب CMO,الحزمة الثانية,4.000%
SO.8.100,ادارة السياسات - القطاع الصحي,الحزمة الثانية,6.000%
SO.8.11,ادارة مواهب الموارد البشرية في القطاع الصحي,الحزمة الثالثة,19.000%
SO.8.11,ادارة تخطيط الموارد البشرية في القطاع الصحي,الحزمة الثالثة,12.000%
SO.8.11,ادارة الجودة - القطاع الصحي,الحزمة الثالثة,11.000%
SO.8.11,ادارة العقود والخدمات اللوجستية,الحزمة الثالثة,5.000%
SO.8.12,ادارة السجلات الطبية,الحزمة الأولى,60.000%
SO.8.12,ادارة الاداء الاكلينيكي و الابتكار,الحزمة الأولى,60.000%
SO.8.12,الموارد البشرية في القطاع الصحي,الحزمة الأولى,9.000%
SO.8.12,الادارة المالية في القطاع الصحي,الحزمة الأولى,9.000%
SO.8.12,"ادارات القطاعات - الوسطى , الشرقية , الغربية",الحزمة الأولى,55.000%
SO.8.12,مكتب CMO,الحزمة الأولى,9.000%
SO.8.12,ادارة السياسات - القطاع الصحي,الحزمة الأولى,14.000%
SO.8.14,الشؤون التنظيمية والتخطيط,الحزمة الثالثة,36.000%
SO.8.14,تقنية المعلومات في القطاع الصحي,الحزمة الثالثة,9.000%
SO.8.14,الموارد البشرية في القطاع الصحي,الحزمة الثالثة,9.000%
SO.8.14,الشؤون الاستراتيجية - القطاع الصحي,الحزمة الثالثة,4.000%
SO.8.14,الادارة المالية في القطاع الصحي,الحزمة الثالثة,44.000%
SO.8.143,ادارة الاداء الاكلينيكي و الابتكار,الحزمة الثانية,28.000%
SO.8.143,ادارة مراكز الرعاية الاولية,الحزمة الثانية,28.000%
SO.8.143,الموارد البشرية في القطاع الصحي,الحزمة الثانية,7.000%
SO.8.143,مكتب COO,الحزمة الثانية,5.000%
SO.8.143,مكتب CMO,الحزمة الثانية,5.000%
SO.8.143,صحة المستفيدين,الحزمة الثانية,10.000%
SO.8.143,الادارة الطبية - يجب التاكد من الارتباط,الحزمة الثانية,10.000%
SO.8.144,ادارة العلاقات العامة والاعلام - القطاع الصحي,الحزمة الثالثة,9.000%
SO.8.144,ادارة مراكز الرعاية الاولية,الحزمة الثالثة,17.000%
SO.8.144,الشؤون الاستراتيجية - القطاع الصحي,الحزمة الثالثة,5.000%
SO.8.144,ادارة الرعاية الصحية,الحزمة الثالثة,4.000%
SO.8.145.1 ,ادارة الرعاية الصحية,الحزمة الثانية,16.000%
SO.8.145.1 ,ادارة مراكز الرعاية الاولية,الحزمة الثانية,16.000%
SO.8.145.1 ,جميع المستشفيات,الحزمة الثانية,16.000%
SO.8.145.1 ,صحة المستفيدين,الحزمة الثانية,16.000%
SO.8.145.2,مكتب رئيس الجهاز العسكري,الحزمة الثالثة,4.000%
SO.8.145.2,هيئة العمليات,الحزمة الثالثة,22.000%
SO.8.145.2,هيئة الخطط,الحزمة الثالثة,22.000%
SO.8.145.2,قيادة اسناد القتال,الحزمة الثالثة,8.000%
SO.8.145.2,هيئة التعليم والتدريب,الحزمة الثالثة,8.000%
SO.8.145.2,هيئة الاتصالات,الحزمة الثالثة,8.000%
SO.8.145.2,قيادة الطب العسكري الميداني,الحزمة الثالثة,17.000%
SO.8.145.2,تقنية المعلومات في القطاع الصحي,الحزمة الثالثة,11.000%
SO.8.145.2,ادارة التدريب - الطب العسكري الميداني,الحزمة الثالثة,14.000%
SO.8.145.2,هيئة الاستخبارات,الحزمة الثالثة,20.000%
SO.8.145.2,ادارة شؤون العسكريين - القطاع الصحي,الحزمة الثالثة,9.000%
SO.8.145.2,الشؤون الاستراتيجية - القطاع الصحي,الحزمة الثالثة,8.000%
SO.8.146,ادارة مراكز الرعاية الاولية,الحزمة الثانية,13.000%
SO.8.146,ادارة المشاريع - القطاع الصحي,الحزمة الثانية,8.000%
SO.8.146,ادارة المرافق - القطاع الصحي,الحزمة الثانية,9.000%
SO.8.147,الشؤون الاستراتيجية - القطاع الصحي,الحزمة الأولى,31.000%
SO.8.147,ادارة السياسات - القطاع الصحي,الحزمة الأولى,31.000%
SO.8.147,ادارة العلاقات العامة والاعلام - القطاع الصحي,الحزمة الأولى,14.000%
SO.8.147,ادارة المشاريع - القطاع الصحي,الحزمة الأولى,14.000%
SO.8.147,تقنية المعلومات في القطاع الصحي,الحزمة الأولى,39.000%
SO.8.147,ادارة خدمات القوى البشرية - القطاع الصحي,الحزمة الأولى,14.000%
SO.8.147,الموارد البشرية في القطاع الصحي,الحزمة الأولى,14.000%
SO.8.15,الشؤون الاستراتيجية - القطاع الصحي,الحزمة الثالثة,16.000%
SO.8.15,ادارة تجربة المريض,الحزمة الثالثة,16.000%
SO.8.15,ادارة الاداء الاكلينيكي و الابتكار,الحزمة الثالثة,28.000%
SO.8.15,مكتب COO,الحزمة الثالثة,5.000%
SO.8.15,جميع المستشفيات,الحزمة الثالثة,20.000%
SO.8.15,جميع المدن الطبية,الحزمة الثالثة,20.000%
SO.8.15,مكتب CMO,الحزمة الثالثة,5.000%
SO.8.17,تقنية المعلومات في القطاع الصحي,الحزمة الثالثة,22.000%
SO.8.17,الموارد البشرية في القطاع الصحي,الحزمة الثالثة,28.000%
SO.8.17,صحة المستفيدين,الحزمة الثالثة,28.000%
SO.8.17,الادارة المالية في القطاع الصحي,الحزمة الثالثة,26.000%
SO.8.19,ادارة تجربة المريض,الحزمة الثالثة,32.000%
SO.8.19,ادارة الجودة - القطاع الصحي,الحزمة الثالثة,5.000%
SO.8.19,المراجعة الداخلية - القطاع الصحي,الحزمة الثالثة,3.000%
SO.8.2,ادارة المشاريع - القطاع الصحي,الحزمة الأولى,25.000%
SO.8.2,ادارة المرافق - القطاع الصحي,الحزمة الأولى,24.000%
SO.8.2,ادارة العقود والخدمات اللوجستية,الحزمة الأولى,14.000%
SO.8.2,مكتب COO,الحزمة الأولى,9.000%
so.8.20,الشؤون التنظيمية والتخطيط,الحزمة الصفرية,34.000%
so.8.20,ادارة العقود والخدمات اللوجستية,الحزمة الصفرية,34.000%
so.8.20,مكتب CEO,الحزمة الصفرية,12.000%
so.8.20,مكتب COO,الحزمة الصفرية,12.000%
so.8.20,مكتب CMO,الحزمة الصفرية,12.000%
so.8.20,تقنية المعلومات في القطاع الصحي,الحزمة الصفرية,22.000%
so.8.20,الموارد البشرية في القطاع الصحي,الحزمة الصفرية,22.000%
SO.8.21,الشؤون الاستراتيجية - القطاع الصحي,الحزمة الأولى,19.000%
SO.8.21,تطوير الاعمال والنوادي الاجتماعية - القطاع الصحي,الحزمة الأولى,19.000%
SO.8.21,الادارة المالية في القطاع الصحي,الحزمة الأولى,19.000%
SO.8.21,الادارة الطبية - يجب التاكد من الارتباط,الحزمة الأولى,30.000%
SO.8.21,ادارات الطب التلطيفي في جميع المستشفيات,الحزمة الأولى,30.000%
SO.8.21,الادارة القانونية - القطاع الصحي,الحزمة الأولى,19.000%
SO.8.21,الشؤون التنظيمية والتخطيط,الحزمة الأولى,19.000%
SO.8.21,ادارة الجودة - القطاع الصحي,الحزمة الأولى,19.000%
SO.8.21,مكتب مدير القطاع الشرقي - القطاع الصحي,الحزمة الأولى,14.000%
SO.8.21,مكتب مدير القطاع الغربي - القطاع الصحي,الحزمة الأولى,14.000%
SO.8.21,مكتب مدير القطاع الوسطى - القطاع الصحي,الحزمة الأولى,14.000%
SO.8.21,مكتب COO,الحزمة الأولى,11.000%
SO.8.21,مكتب CEO,الحزمة الأولى,11.000%
SO.8.21,مكتب CMO,الحزمة الأولى,9.000%
SO.8.22,ادارة الاسرة - Bed Management,الحزمة الأولى,50.000%
SO.8.22,جميع مستشفيات القطاع الصحي,الحزمة الأولى,29.000%
SO.8.22,مكتب COO,الحزمة الأولى,11.000%
SO.8.22,مكتب CMO,الحزمة الأولى,11.000%
SO.8.22,الشؤون التنظيمية والتخطيط,الحزمة الأولى,19.000%
so.8.23,الشؤون التنظيمية والتخطيط,الحزمة الصفرية,34.000%
so.8.23,ادارة الاسرة - Bed Management,الحزمة الصفرية,44.000%
so.8.23,ادارة التفتيش و المتابعة,الحزمة الصفرية,22.000%
so.8.23,جميع مستشفيات الحرس,الحزمة الصفرية,28.000%
SO.8.24,ادارة مراكز الرعاية الاولية,الحزمة الثالثة,8.000%
SO.8.24,الصحة العامة والبيئية – الشؤون الصحية,الحزمة الثالثة,11.000%
SO.8.24,القيادة الوسطى,الحزمة الثالثة,8.000%
SO.8.24,القيادة الغربية,الحزمة الثالثة,8.000%
SO.8.24,القيادة الشرقية,الحزمة الثالثة,8.000%
SO.8.24,ادارة شؤون العسكريين - القطاع الصحي,الحزمة الثالثة,5.000%
SO.8.24,هيئة العمليات,الحزمة الثالثة,15.000%
SO.8.26,مكتب COO,الحزمة الصفرية,40.000%
SO.8.26,ادارة المشاريع - القطاع الصحي,الحزمة الصفرية,44.000%
SO.8.26,الشؤون التنظيمية والتخطيط,الحزمة الصفرية,44.000%
SO.8.26,ادارة العقود والخدمات اللوجستية,الحزمة الصفرية,44.000%
SO.8.26,الادارة المالية في القطاع الصحي,الحزمة الصفرية,44.000%
SO.8.26,الموارد البشرية في القطاع الصحي,الحزمة الصفرية,20.000%
SO.8.26,الادارة القانونية - القطاع الصحي,الحزمة الصفرية,20.000%
SO.8.26,مكتب CEO,الحزمة الصفرية,16.000%
SO.8.26,مكتب CMO,الحزمة الصفرية,16.000%
SO.8.27,الشؤون الاستراتيجية - القطاع الصحي,الحزمة الثانية,9.000%
SO.8.27,مركز ابحاث KAIMRC,الحزمة الثانية,26.000%
SO.8.27,الادارة الطبية - يجب التاكد من الارتباط,الحزمة الثانية,8.000%
SO.8.27,كلية الشؤون الصحية في جامعة الملك سعود,الحزمة الثانية,26.000%
SO.8.28,كلية الشؤون الصحية في جامعة الملك سعود,الحزمة الثانية,41.000%
SO.8.28,الموارد البشرية في القطاع الصحي,الحزمة الثانية,6.000%
SO.8.28,البحث والتطوير - القطاع الصحي,الحزمة الثانية,37.000%
SO.8.28,مركز ابحاث KAIMRC,الحزمة الثانية,37.000%
SO.8.28,قيادة الطب العسكري الميداني,الحزمة الثانية,14.000%
SO.8.28,مكتب CMO,الحزمة الثانية,5.000%
SO.8.28,مكتب CEO,الحزمة الثانية,5.000%
SO.8.28,مكتب COO,الحزمة الثانية,5.000%
SO.8.28,كلية الشؤون الصحية في جامعة الملك سعود,الحزمة الثانية,37.000%
SO.8.28,جميع المستشفيات,الحزمة الثانية,37.000%
SO.8.28,جميع المدن الطبية,الحزمة الثانية,37.000%
SO.8.28,ادارة الجودة - القطاع الصحي,الحزمة الثانية,7.000%
SO.8.29,الادارة المالية في القطاع الصحي,الحزمة الثانية,14.000%
SO.8.29,الشؤون الاستراتيجية - القطاع الصحي,الحزمة الثانية,12.000%
SO.8.29,ادارة العقود والخدمات اللوجستية,الحزمة الثانية,6.000%
SO.8.29,كلية الشؤون الصحية في جامعة الملك سعود,الحزمة الثانية,8.000%
SO.8.29,كلية الشؤون الصحية في جامعة الملك سعود,الحزمة الثانية,8.000%
SO.8.3,ادارة الاسرة - Bed Management,الحزمة الأولى,54.000%
SO.8.3,ادارة التواصل المؤسسي - القطاع الصحي,الحزمة الأولى,14.000%
SO.8.3,ادارة العلاقات العامة والاعلام - القطاع الصحي,الحزمة الأولى,14.000%
SO.8.3,ادارة الرعاية الصحية,الحزمة الأولى,24.000%
SO.8.3,ادارة مراكز الرعاية الاولية,الحزمة الأولى,24.000%
SO.8.3,مكتب CMO,الحزمة الأولى,11.000%
SO.8.3,تقنية المعلومات في القطاع الصحي,الحزمة الأولى,34.000%
SO.8.3,الموارد البشرية في القطاع الصحي,الحزمة الأولى,24.000%
SO.8.3,ادارة خدمات القوى البشرية - القطاع الصحي,الحزمة الأولى,24.000%
SO.8.30,الادارة المالية في القطاع الصحي,الحزمة الثانية,38.000%
SO.8.30,التميز والجودة السريرية,الحزمة الثانية,9.000%
SO.8.30,الموارد البشرية في القطاع الصحي,الحزمة الثانية,9.000%
SO.8.30,تقنية المعلومات في القطاع الصحي,الحزمة الثانية,9.000%
SO.8.4,ادارة مراكز الرعاية الاولية,الحزمة الثالثة,42.000%
SO.8.4,الموارد البشرية في القطاع الصحي,الحزمة الثالثة,10.000%
SO.8.4,تقنية المعلومات في القطاع الصحي,الحزمة الثالثة,10.000%
SO.8.4,صحة المستفيدين,الحزمة الثالثة,42.000%
SO.8.5,صحة المستفيدين,الحزمة الأولى,84.000%
SO.8.5,الموارد البشرية في القطاع الصحي,الحزمة الأولى,19.000%
SO.8.5,ادارة خدمات القوى البشرية - القطاع الصحي,الحزمة الأولى,19.000%
SO.8.5,الادارة المالية في القطاع الصحي,الحزمة الأولى,19.000%
SO.8.5,مكتب COO,الحزمة الأولى,17.000%
SO.8.5,مكتب CMO,الحزمة الأولى,17.000%
SO.8.5,مكتب CEO,الحزمة الأولى,11.000%
SO.8.5,تقنية المعلومات في القطاع الصحي,الحزمة الأولى,35.000%
SO.8.6,ادارة الرعاية الصحية,الحزمة الأولى,58.000%
SO.8.6,الشؤون الاستراتيجية - القطاع الصحي,الحزمة الأولى,13.000%
SO.8.6,مكتب CMO,الحزمة الأولى,10.000%
SO.8.6,مكاتب مدراء الرعاية الصحية الاولية في القطاعات,الحزمة الأولى,58.000%
SO.8.6,الادارة المالية في القطاع الصحي,الحزمة الأولى,10.000%
SO.8.6,ادارة المشاريع - القطاع الصحي,الحزمة الأولى,13.000%
SO.8.6,الموارد البشرية في القطاع الصحي,الحزمة الأولى,13.000%
SO.8.6,ادارة خدمات القوى البشرية - القطاع الصحي,الحزمة الأولى,13.000%
SO.8.6,ادارة مراكز الرعاية الاولية,الحزمة الأولى,58.000%
SO.8.7,مكتب CMO,الحزمة الأولى,16.000%
SO.8.7,ادارة الرعاية الصحية,الحزمة الأولى,34.000%
SO.8.7,الاقسام المسؤولة عن الامراض العشرة التي سيتم تحديدها ,الحزمة الأولى,44.000%
SO.8.7,الشؤون الاستراتيجية - القطاع الصحي,الحزمة الأولى,14.000%
SO.8.7,مدراء المستشفيات ,الحزمة الأولى,14.000%
SO.8.7,ادارة مراكز الرعاية الاولية,الحزمة الأولى,29.000%
SO.8.7,الادارة الطبية - يجب التاكد من الارتباط,الحزمة الأولى,29.000%
SO.8.7,ادارة السياسات - القطاع الصحي,الحزمة الأولى,14.000%
SO.8.7,ادارة تجربة المريض,الحزمة الأولى,14.000%
SO.8.7,الموارد البشرية في القطاع الصحي,الحزمة الأولى,14.000%
SO.8.7,مكتب COO,الحزمة الأولى,11.000%
SO.8.8,ادارة العلاقات العامة والاعلام - القطاع الصحي,الحزمة الثانية,8.000%
SO.8.8,ادارة التواصل المؤسسي - القطاع الصحي,الحزمة الثانية,4.000%
SO.8.8,الموارد البشرية في القطاع الصحي,الحزمة الثانية,8.000%
SO.8.8,صحة المستفيدين,الحزمة الثانية,12.000%
SO.8.8,إدارة الشؤون الاجتماعية والثقافية والرياضية,الحزمة الثانية,8.000%
SO.8.8,تقنية المعلومات في القطاع الصحي,الحزمة الثانية,8.000%
SO.8.9,الشؤون التنظيمية والتخطيط,الحزمة الثانية,9.000%
SO.8.9,الادارة المالية في القطاع الصحي,الحزمة الثانية,6.000%
SO.8.9,صحة المستفيدين,الحزمة الثانية,14.000%
SO.8.9,ادارة الرعاية الصحية,الحزمة الثانية,16.000%
SO.8.9,الشؤون الاستراتيجية - القطاع الصحي,الحزمة الثانية,12.000%
SO.8.9,ادارة العقود والخدمات اللوجستية,الحزمة الثانية,8.000%
